Id,Price
5067,952749.0483473366
3722,770487.2378471976
6820,1703853.9303423404
3103,534858.9822197063
2820,773265.6982040405
6369,1139419.5572936751
943,1731379.8213470879
4954,1367647.9171704345
6294,1208190.1689437705
6372,1100566.4070169798
6376,1799127.6811555624
999,1858191.7511303504
819,1071687.2061482924
1053,969945.0301162095
1030,1249962.0048548845
4824,1680033.2898373934
3612,1146453.2410977161
6366,818782.7738350641
5117,1100061.0840576089
5039,704090.9646491099
334,1881699.64988029
2945,761381.9358727754
298,794652.292671862
472,1918928.8095583436
5788,706567.754007937
4015,496422.3426910169
3639,818970.2516604608
785,1058859.404502646
344,2167668.0914995307
6731,599592.8296729195
4482,887238.6486266233
1415,1208167.7311961192
1262,1177574.803520586
5642,1191188.726750559
449,824583.4183069528
5110,544467.6371006244
3007,825990.0721202497
205,917239.6696546418
1353,1567236.511388937
4638,990121.3452289919
4356,520853.35470351076
3734,662380.6940745556
6630,854820.2734339589
578,797150.1662116593
1398,1236367.8606538395
1140,904829.0564210607
2006,1488779.8093722952
6687,1040480.8022100534
585,2252051.278130701
1116,802039.3095729685
3356,1467915.5266000754
525,1260339.319910728
5720,572133.395745936
4938,602309.9009234306
5294,1236927.3887177128
4880,1242312.6026851854
3446,363913.0095764897
5772,910250.9560078814
4214,714376.9292942189
891,1674926.8178813695
5523,634726.9686404634
4000,1721601.474430496
6179,1182951.8214424085
3049,1875330.6584656064
5400,920260.0904992789
2049,684954.0099134201
2629,574449.5244598361
6449,776943.011158635
2043,755568.8220247234
2553,471592.1580801717
5153,1383807.7082028852
4905,704320.6502119991
6326,531790.0982888317
4229,964015.0571688077
1136,1012773.9136015725
4981,330741.2043410661
1051,507459.4777526031
5742,827872.2819897311
4863,1209795.5386032464
3640,1894407.229469092
3077,1807894.5859192512
1707,915378.107917268
1661,708668.1043366779
4697,895581.6748733519
161,2434174.7517797034
1725,1126342.4158092835
5862,709481.3203667447
6044,1771130.160959491
4463,989863.7426715479
3429,4164803.012445885
2242,784798.8555972923
6395,857590.4036440128
691,1227372.7574795568
5296,694908.9213671015
1420,784028.9632772425
4290,1728550.8523136459
6155,1108140.9601472605
6799,1629408.198745448
465,1241243.7360597928
1122,863098.8316237461
2419,632028.4457701558
1231,1033941.9486167931
4408,694560.7661139977
527,1701551.1661170905
175,365544.41691931826
5871,541737.8252016503
6351,1377816.706192882
3550,380210.39462278463
5626,739039.7089913423
4084,463777.79073485103
1307,1098999.4007936504
3659,1193327.4749433296
4711,794249.7311170733
1080,803022.9225347319
379,1904303.1141289095
4975,414393.35512125824
6368,1360095.0463780677
2148,464960.71555295767
2444,1120210.5907274939
5660,720109.2996792337
172,1170076.1757671
6659,1095707.2327190216
1266,399326.62260195933
5676,678828.6746878305
6113,1012729.7370954793
6762,831308.6177804939
3234,604492.8591150435
6540,1425882.7793849919
4265,540610.360759355
5019,1261677.5348265404
3754,499277.45199950685
4920,1691992.9854907615
5037,780830.749660736
3772,734850.9249803155
2789,1010421.673786294
5648,507400.2322429696
4434,1516641.8400452896
2431,1273644.5613144299
558,668700.310546269
2222,820913.921707403
5877,1080635.3259235208
3293,587722.6894049655
6108,831955.8564817162
2611,1717566.8064500885
2088,1632959.6006169247
5388,1212263.5061763981
1159,824936.3467304875
5622,705520.2209257485
3821,921360.5803388646
2516,1131129.6107960793
5739,710141.2188176968
5506,1832845.0860684956
6628,571917.2658126507
5883,2526831.4556686943
1727,889917.4501424207
2375,515476.28213683225
1645,627619.7591938431
377,2038046.9766778257
5307,520476.84262986993
1600,826842.9270420505
6413,697264.3659555564
6204,1147255.3570826505
1713,1117698.5867005917
5629,416632.5103201898
2853,641990.4684424101
4159,507974.39213221794
3184,646467.2702121771
3894,743859.3373904765
1649,613675.7120447321
2310,1007721.889414464
6717,1345688.4944952372
654,1623776.1139451663
6304,601404.1101346037
1926,729757.1052376148
4509,1101621.5165792361
687,878539.3781610426
3464,638030.3771145154
4459,418400.870239194
4180,450274.2443606464
4539,1050302.433873497
3586,575872.3580711215
6436,1129609.6090767672
6648,1223042.902859066
2002,2556653.715752766
833,896151.9329866805
369,3395784.3701890702
548,668306.487094757
2513,1152155.6975442038
2330,1215879.2567748185
5878,1576426.3556786918
4371,915410.1433507677
5196,622671.6000616647
1539,1657136.1634869194
1804,568021.5166941689
4732,666607.3155118607
5789,545238.3299864033
5300,977732.541295371
5478,1389510.5617164036
5299,1687544.0111894049
111,725872.8936565031
3389,1030700.342576294
2108,1236281.9303801833
485,919943.7770469525
5405,820351.2445394422
4588,748556.4596942924
2666,961536.4332442518
4332,516660.5207493434
6165,848195.9828956114
5305,447907.2037151509
1806,999470.269267355
2958,1681200.2024393384
4383,760671.1120561471
348,2224497.021551521
5212,1289683.6849195615
2050,520110.36556763225
665,2091092.95418028
4029,1154404.1258711887
3665,1131208.8132645497
2322,799748.2742944689
5386,480701.9488915147
6321,1077007.2197682306
5515,2214430.932567006
1604,715662.1602460428
1854,1987449.6998935053
1551,2823961.201159398
6655,767885.3975782112
6320,724593.3377491175
256,900716.3497637546
1279,914330.5770832135
3343,1863533.8231971124
4968,3046849.0610445105
352,1748915.246551061
1380,1365520.8115021163
250,692137.6167510819
6025,1022303.4335795575
1232,1926121.5381340147
137,2126883.130344684
563,723676.7092303993
2289,1186029.9227700222
1316,1690631.1261417607
2462,1270807.9434029756
5900,671421.2099351938
3319,657456.4164025645
1035,1145894.535835686
2146,694365.7207313613
3925,1078330.180865921
1678,649049.2411499281
160,866035.5125753875
2595,2279377.3697982994
4598,896885.1592428788
1317,1306808.5009668116
5658,1015420.7769404036
4896,2776148.7618776415
4109,557267.0829331934
6623,657390.864611152
6212,813190.7084575704
719,1809991.7212063877
1715,622612.1848237109
3487,675691.4404534166
541,650092.7165552597
5563,2358607.6957931356
5723,1129794.7575757578
6444,1013717.584479797
3119,1134045.0508515749
2801,679748.4003393208
6809,734031.7282026043
3129,902566.0249254304
2370,1467026.6188501199
2567,852342.0053953069
857,553441.7966798906
4577,600118.337574
1409,2533712.3873550748
1970,636222.920916897
1184,1288837.4132512268
840,1390626.8010711593
2766,585781.1124350266
488,887203.9240784505
5913,1550358.1222994432
6795,1104880.9621702782
3876,1664920.817750937
553,742404.1918278023
2164,1050719.2949043645
6633,636432.9246148152
2086,669798.3723586231
2459,1187383.9542419242
6591,475312.3184403135
5383,783817.1409533431
1240,2120926.5327484393
3743,1464080.2014689744
2197,526687.895336854
947,1431314.936495386
902,2712927.894030969
4885,818050.6869478886
945,687962.9718357568
4453,1506429.9365416071
6379,2469747.1516974284
898,1188057.5062070438
1908,951157.8994868723
5494,798811.1462504099
689,1089484.553116736
1236,1286474.9584642188
2203,1918760.137785044
1297,407553.0079434695
3143,616196.2259969462
3668,741815.883521981
6345,1097747.4985016615
685,1150818.7048377544
2011,2622604.303655602
3819,782746.5888614473
2780,713197.4436837051
2529,778300.0589864148
1597,733400.4118386245
3701,1335192.1664375353
1873,1230985.6424596433
1562,2342380.8095328365
3771,2682009.3934574323
2305,545114.0019884659
663,2514327.0626992784
4483,1391677.1974212606
2994,809795.3060846559
2980,593221.0773102276
6744,658761.773162846
2362,840224.7304284534
4552,1129040.5648205872
3116,678294.0939446482
1528,713581.951159692
5572,1712425.807236845
5644,981905.5042154881
2190,415345.03561574215
4451,900567.8981612915
6317,1029406.9428924497
568,1464396.0651733447
6164,1720735.489141474
1377,410114.06540611555
6747,1623237.1300215244
2381,771745.7379828553
5414,771420.998225688
3258,714545.2267619044
5503,971666.9961066077
2076,586788.5991315023
690,932680.5606368083
4092,1679240.7044285692
5309,1892619.3743093808
4255,3478376.391802824
2689,830596.3602256335
4630,559931.4117116594
6679,504869.2646607306
593,3208568.545953942
1350,825776.620521501
612,514426.5064511786
2408,1173344.597501685
644,1962220.7522141412
5216,608288.1032361102
5520,722529.4638853286
725,1137248.4423232335
1966,529399.678987745
1875,862835.7927359316
2784,491870.0480359309
927,1059515.0737497509
2632,587492.5095567174
5259,421570.7776569651
4678,864370.6864399676
2504,849182.3503686624
4978,3143268.4172727256
5075,579291.6019529692
6405,1062034.8278776587
3927,824277.6201864912
460,952369.3553869177
5407,1355377.3443640454
1898,785295.8402399956
782,1177918.7318253971
2920,477955.08727677877
4852,1347737.6193799204
6600,2317267.847223859
5981,587013.8119087875
4072,1427985.1393137677
3726,683785.6690202649
4541,1206405.4769434137
5602,1252767.827770451
4977,1074481.2065698043
1135,804836.4014852478
5828,822514.2732647727
836,947127.5236234503
5584,809865.8437667154
694,1151399.2621090023
739,1488507.310506338
1219,2095663.9978511767
1024,1124262.8877200568
576,1736455.3242073937
5293,680758.876331366
4936,929303.0066764511
279,484141.03247403755
4844,544950.2814059833
6549,1541061.2462333809
5228,1287864.704113147
4166,811986.9630610712
269,888515.2624259734
4033,1040792.9362921596
3866,1287678.7414925836
24,772603.4986290784
2757,831185.9648349804
5288,635759.4438049358
953,545885.4144117866
4296,1709167.64463136
4017,701460.8682617071
2524,1708444.264449062
5773,1040379.924956303
4521,1199307.489545936
6324,1031366.7594633942
1498,568843.6601955751
3660,1433222.5149831634
192,429779.9129952466
5174,917163.0883379256
4964,3804857.0683458345
6506,1135989.084418323
4877,570301.6797862432
4392,1316242.2625781496
3921,655887.9919312168
6551,514177.892096792
4556,701109.4961965351
4990,342566.4297729678
4019,722451.3126440598
1270,527478.9076639615
3671,1049609.558603618
3935,576284.5966671298
4273,1537586.0801454033
1092,929395.1010901384
1042,852139.0922257521
2925,1620399.2376816145
800,933819.3418101019
5719,696048.5818557002
3635,329006.94369181024
4306,761227.9208138719
3763,1463952.3840086572
6763,795350.7838359228
4051,1077498.1141308325
6012,508413.0096015103
5451,846253.3837933167
2915,994859.7251417468
4769,941834.4799895295
2199,535073.6327548436
3017,393170.65808070876
6279,717471.8437559884
2859,1160050.6400332088
29,678856.5813546205
6232,809266.1303844877
5975,648667.7435681581
2079,3395678.2402717643
4992,1062086.0799829196
5229,1111474.7405192954
1591,2894055.0613203496
1735,710037.0664829618
3048,886877.6162382069
5261,972138.7463053039
3597,497300.20492108545
604,2929417.6373529765
129,1722496.9518530946
3463,601004.1816257818
2428,580874.3364171011
2425,1706343.5770298175
662,777742.5540169822
100,545307.388699278
6422,983249.2480937944
3035,1117695.6940220892
2112,1497522.4145321273
2808,387960.4740634206
4850,1354358.3147199866
5689,833085.378465988
2045,973441.8561300134
6710,1831485.7640100508
584,2191906.9891988467
5410,383779.08402989525
1224,1634060.0348747466
2827,674661.9280473614
6295,1495048.2251280495
6617,1843022.4630235692
11,814299.4641832614
6770,872864.3279093317
6640,932203.318446236
1215,1514935.7151152499
8,1309127.365269027
4973,716049.9770351666
614,1679195.0003589217
929,1751316.1982656084
1546,466233.123164463
3830,280773.5662382027
5352,626629.0104698534
5002,658588.2814365083
5908,521839.08114125015
3588,896844.1601207764
341,2008287.3945829726
4503,1369350.0002356053
2299,1454037.8398583361
1275,660375.8976173645
842,1527754.858969625
3159,536427.4874775927
3647,676226.203479077
2013,595822.1467445646
2767,487338.88195138227
3858,798769.240142597
770,1580579.872867687
3044,1432833.7203249289
6560,839030.5037716208
3146,502804.1246475597
5865,1452250.7795940354
6243,859425.5296981473
6557,785173.7769094793
501,1115823.5262507452
3026,1569780.628970401
5576,1433568.0504780784
4038,676920.7774165472
3488,644698.4307358504
596,745373.5842445706
1565,1588418.2723903689
1094,719770.5081043178
1787,3528061.7574973507
4949,1473399.8860696852
3355,1244716.9071213675
5874,578382.5331436492
4236,806954.3168460795
4036,1642891.7350348546
2405,1073614.791960076
1592,1802201.707007163
2243,533395.9346627236
4324,830565.918010149
4155,1621641.642659356
1942,901820.9794007697
831,1524243.0606830677
3187,617302.5279826836
5201,2188158.138970298
3481,948291.39857155
2675,1826825.9814976365
2930,1385893.2515044068
3879,453435.54116545303
4278,1441128.056716691
4340,705151.4090220979
3891,981162.5990734088
2333,845748.6315491326
4699,682390.7935911868
3243,702753.3572726905
6683,1002442.3706103528
751,1343405.8161428985
88,1081950.6793743744
1301,600621.8335565177
3320,1781800.6683634792
3382,421832.70119085186
4972,1236915.9141181335
2964,1520715.8387044736
931,550798.9730284516
5825,923142.1815941421
6808,1095521.237565607
5195,1406986.3763195348
3179,460885.894308362
5881,706425.4754158244
6027,722665.672154163
154,1062242.43548581
3368,1177423.2424647561
4082,1280768.0281426704
2919,371677.4599028301
2570,690539.2841017321
761,588899.330504576
1526,540145.1110921669
2823,488892.6900959222
2451,1199195.2762745023
4689,774629.9899388882
3852,615786.5858081921
420,848480.4384153611
3346,625042.0226590926
3379,1000972.7646214322
1124,829610.891857649
67,2433670.7225496573
5438,572460.3821543492
4466,1078382.0401695517
4387,1304436.6655798478
2743,524284.6028047074
3037,1787398.9316257823
1913,848749.1815511176
1306,558095.9624471593
5944,790094.6562624347
415,674935.6413162769
1182,1247629.7331543046
5706,669088.8297251342
2340,966686.9372081634
1497,386788.0113404886
6707,2064182.3238915808
4199,596145.4358191441
4989,1604118.3184568305
258,632261.515974193
4420,762225.9646764807
6048,1285350.0234029354
5485,802343.0609234686
5275,896178.8097189035
2027,2707824.2147861407
2230,1587987.0273924489
3654,781955.2151220783
1932,1016332.6802648384
248,613771.6710353971
4323,580836.5776288598
4665,404444.0835693235
5976,712908.5284983763
5136,709177.602492996
6115,1166934.9941148108
2777,874981.3028058998
5762,651725.9819685565
6208,2351097.6753804698
5610,2131029.3595478595
5204,1612223.440035297
5616,669211.6414858662
2306,591328.8377971863
6598,883773.1455006145
6370,1329759.494012987
5394,671611.7040279942
3559,516648.50072931714
221,1736159.289842327
2025,866805.3605219335
96,884527.2040407719
3002,1248491.4309578084
4979,742247.8727934578
1269,1187980.2749600483
1512,839631.5313392167
287,1992494.3211698583
549,826846.8482079104
1672,644929.4829021642
3288,702714.0971770819
1686,2331555.145530544
5599,1508439.7263922128
6174,525923.4918070637
1277,693950.6081104598
4362,1029678.8090516891
5978,1316098.5840369707
2373,969970.0376937881
3504,732219.9121640581
2894,592717.6027830988
6400,807657.8158128243
6010,665363.2416404524
3810,650329.4870912466
4847,986278.7059046879
6682,843975.9092901401
4995,1082524.6975052198
4860,694488.6647082794
5936,929567.5407139193
1598,730327.2298860311
5620,396610.28940935264
5784,1094755.3572194949
4113,1712139.0483240983
3757,1946528.5576369113
3474,739321.4846107041
4455,691959.640273645
535,1710040.2959192297
5848,588320.7407993855
1045,1136405.5217821957
6642,1856588.2161679105
6783,1041991.240530639
3857,1758307.5757615566
2017,1449954.6656791845
5042,670326.2133430494
631,1644732.0798782422
3953,958753.1333194409
3802,519327.9731628727
4572,1412997.638551226
6458,2134048.7399161155
3908,424732.4784999442
2290,1223405.668435101
3733,719481.377745025
4423,786152.8998973251
854,479959.2960597066
1134,725830.7381644615
4649,905641.9712236689
4003,1121472.2534931735
2668,572247.8026737361
3663,944274.7423995191
1770,599298.8986116659
4523,826033.1195640556
4197,738969.7157520611
6822,700146.4332104862
5566,1744735.6472081756
2070,2282009.738398622
5051,1455838.818623617
4657,981579.1929511572
2690,1265151.0496291504
2354,1157326.749410422
6826,627615.2204195604
6233,1363446.8773097575
1705,1282211.7288144445
5985,381530.5117421835
6290,864394.2663009729
1121,783285.450768976
6631,824233.6286595621
3585,1158995.5785154481
3706,694643.804080443
5666,1752610.3036415142
5038,1170520.6470158144
1808,1001751.2858044251
5278,680057.9371490475
4490,1282553.233327128
3369,1235456.026817065
5404,803638.2155183931
3009,920125.7282745026
4001,629653.2566478115
2116,845257.7857703222
6147,862735.3042943721
1481,928773.4099519001
781,468801.2269822218
3170,611193.9732527005
3940,569516.1363339177
930,864125.7041053388
3687,1012144.3931674266
6420,1316326.4814251084
156,1309787.9121669082
2366,846693.4053866502
1139,1180146.0518398264
4524,976076.0049381962
3978,1602874.355547499
1792,698117.3139284599
1447,1447739.13295149
5113,1378471.1853635984
1631,700522.2744699254
2120,560701.7751268704
178,1054618.3208633964
15,1070550.9823463087
1110,735993.4276983781
5971,858622.7990808088
6278,582361.199289803
6334,524143.0104708513
4314,735801.5149977603
476,1277386.071139842
763,964558.5701493908
6798,575863.0255400682
4027,1455424.5064622432
2657,1466695.884392292
899,2203274.2568435613
4442,473119.2805073446
2150,1447955.386927942
975,479766.299500229
1180,832625.0382806647
6387,827085.2291199852
2916,583228.8356883596
686,1094881.0974303482
3221,1523711.143972294
925,499361.36251508736
5168,615885.3536656162
1371,1356750.5784822963
4865,468307.16252642573
4777,808580.1678350249
2626,1418319.748039922
608,833895.5337727504
5639,1610034.4197716794
2735,849599.2856367339
5011,2776729.4574703183
3437,805079.0761094837
5031,508262.8814956711
4691,1183558.2942337657
4626,902149.6730732073
6388,1485058.5203483703
3242,701228.2486888745
6072,1445715.3133733992
3250,715499.4735030006
3728,688791.7859397273
2700,789844.8017435599
388,1229614.9020512626
105,570748.1326623375
2286,1155342.6634132338
109,794242.1830094518
3273,704808.77356443
6440,1093057.311300384
3991,644251.7737428717
4974,657102.2734890294
2702,1106619.938007922
2619,1676030.5135161146
1617,647564.4685503605
5597,778546.5834649359
3227,1024215.344369072
5139,1158252.5937101182
5364,744352.2454632029
5103,635721.9338535952
3448,1678119.9982078304
2023,2421946.466169451
3122,600660.1091736667
711,588039.3781308648
2411,587453.5834042322
493,1246694.2915018767
2122,372170.5791588762
83,1889094.7859721018
6722,997436.6014298212
4186,656724.1541098364
80,467025.4086533967
3766,538128.4597688192
4807,866331.4850768641
3724,627701.3813204298
2012,2399765.2801528834
571,1209343.1608316482
5439,1217529.675097259
5691,746372.097029482
2874,533384.2129962443
511,894347.3462753287
5112,1029000.9233646907
6493,1633554.9082267026
2616,1058805.1334552492
3074,486409.5625285374
2519,947055.1096461281
3811,566044.8213973287
1008,2000109.8540373025
6691,892903.9435637328
5220,704295.3075601055
5631,1483941.349131608
4922,1083829.8269360259
6535,1201255.1577457432
6485,1798706.3753857615
5918,655096.410214334
741,1316220.3772874451
2671,1158743.9436634495
5827,584222.481325742
1005,1257031.0230327079
1168,1461859.0524246716
2738,1226104.9302040895
1086,1033475.6506152002
4158,763958.9729805673
3067,943806.8450697456
3769,2174666.485824702
293,3806659.510594039
3582,1215747.9600503333
5768,1245185.1043352243
1535,2382753.801867727
2344,817096.3289884556
4702,2085893.9984078885
247,1833455.7306150065
2577,775638.9811107026
5715,573207.8176565445
6605,1149195.499512842
1214,1155049.1308228474
6450,950372.9778767664
3404,1761285.9511350645
4200,781239.448941979
622,1842280.3728966243
1731,2208818.628864099
6804,762554.778935324
2699,1066319.7843885238
3408,368191.38051659614
2857,1042612.9620628735
856,1919758.744891218
6685,2777511.3414680418
6728,1313827.9708450215
6059,736904.5682718615
847,695872.7378228368
6081,481046.2309052426
4081,1063372.6905276198
3309,1127760.275992786
2943,958541.7418405714
3696,557674.9247776767
863,779872.225958745
5922,1310082.4274144776
3958,1587320.3938314847
6438,2283159.282282043
6029,521398.68579244794
5385,557996.9394647665
3395,1148388.5843734813
3966,1072904.8828361903
994,339235.28231997415
5920,1193106.7839481626
2365,1161826.6033917281
4825,1472681.2260189524
1313,1021901.4325310248
2775,413436.22517109185
4839,1010769.4716575764
4380,474958.94220524834
2737,1024454.8458709588
5509,617109.2187549929
5815,1422405.891149591
3345,1911259.0363655612
398,1249833.6947292262
4617,712295.5282278502
4117,670495.9243295043
1851,1007951.1605691931
3627,392310.32051389344
2975,1311427.1238612
5603,1447315.8632245308
877,1408336.4564686646
1560,1648519.4040366292
3283,682586.4656614497
6105,1176425.1973830692
5917,494837.56125644804
446,1296315.095399683
1505,1187857.8195647697
3232,724150.5452181522
5593,650679.6493966611
693,480734.2563246236
3036,1676688.7883261181
2,1295541.8566880533
2115,751393.004835572
2829,892478.417709861
6482,598823.9707628665
2213,1906643.8585319878
3297,634937.7721315456
69,1087994.3801536993
6510,888966.2460548924
981,1648584.907236363
3779,591546.6036157511
623,1834631.6154116415
6175,794952.7427487613
6520,637197.7926192975
359,1810264.9186903315
1362,1412953.4213597132
2866,1060367.8718736535
1885,799811.070537537
4476,642641.4319366042
5687,788152.1416969176
1070,1217706.0589033118
989,630016.9403884846
395,1896413.978326749
2656,1080738.2683445257
4187,896822.0984580243
4596,1685955.9190786919
6129,698679.2211757386
6319,1265004.6763437472
6455,1105286.3007653682
6639,1578497.512635859
6193,315597.9357974138
748,372589.847326965
6664,879772.8820774045
5012,960657.9505447327
5864,1352073.0636758534
255,1395047.903274843
4069,1398411.514834031
5349,1135350.8454333846
4570,735783.9698522369
3108,625322.7986959169
5066,1855362.0542810739
1517,871741.7190115444
6097,614251.5147923117
6019,796266.6270355926
85,1111526.064939598
6746,2006919.5701317918
1120,978145.9156160328
3661,1641508.2709807607
5800,724670.2235259557
2087,2458711.4323354955
5013,545742.3315596619
5428,871597.2994484862
4888,1074777.986620478
6082,637426.134423806
6695,1397292.0869748422
500,1231382.3477538233
6331,1108767.7320125247
4736,855145.3599988489
2858,828730.101956025
3375,1220913.9048503996
4478,704593.9212545017
1457,1143134.870122396
1900,783309.6858227679
1714,2227986.9873273666
282,476831.76124230796
1265,505039.6750860053
2819,969876.057540891
6561,878296.857421597
2887,429427.15680056217
1641,513182.79282809776
4543,608075.0802851473
5025,752187.95306896
1130,845409.8677461426
5749,1072453.705660451
2171,392253.5012751374
712,1016057.5009207837
6578,1117167.07227766
4845,697863.6800878014
682,590171.4854300993
4675,1595819.038122667
1943,977712.6403843182
845,839607.108092111
4514,1669867.083869687
3873,1773647.5452306878
2935,1748762.841441766
6786,1245993.3568638756
5714,1322962.3457116166
375,866581.5910907362
3730,640440.9050179451
2218,2010697.6329010075
2480,1241591.4078439819
5107,461917.29829990404
2591,1033819.3390472487
2961,1384699.5312789988
4272,708364.2280111582
1113,710360.3201418954
2028,1369780.6418518522
2311,1081641.087140067
6734,1583470.482170466
3742,633923.0717235728
6236,1579515.059122802
6584,771164.7583189082
3136,1336011.1969189972
2060,422781.13017051504
1429,1047457.1759259513
702,1289903.5172834047
3145,566786.8317870101
3804,2083127.0430254894
934,1128371.5742395753
170,886474.4098216597
1501,910456.9216951567
3413,936940.3247828762
3548,1294779.740834533
1052,446997.9160890844
2452,890086.2297038148
6347,1348488.3257267452
5604,795604.1286281865
4299,1097337.1737541116
5488,717113.660755532
1201,828755.5028287829
5562,2003457.1631891804
3669,600287.74607041
3768,1791354.9767764118
6673,636781.4746119294
1427,395480.37918988435
6231,1754505.7224980555
2142,657667.044124579
6475,1345769.809349539
1309,881307.261158068
4611,655897.650949976
5857,663489.7006731606
134,1360494.3234404968
1442,1495886.6055632143
2944,1450678.6796010288
1853,1854355.228313613
3992,1510184.1670401876
1912,1067443.0264334169
2211,1893786.8704011543
2705,1035745.4080884856
3747,2313464.6663299664
1826,1056317.8442013941
3562,1070121.6257069833
1194,516477.9405403596
6635,944507.7657344884
542,1463180.247244672
5252,732491.0094839901
2576,948487.1889337172
459,882521.4017362264
4054,1502575.836695526
939,1755390.0789430495
909,1741116.2330144295
4111,1475737.0815620972
6187,586838.6977654911
6197,815619.3275246636
2756,386124.57569031144
1302,1178602.4733349266
2232,1145789.189077056
2421,525321.6569495898
2791,464321.6704099736
5879,1059759.0321043779
6774,1089787.0967204429
4106,787991.4494238727
3699,709525.5050524868
4170,397667.9275132274
2201,796120.4553486138
2368,768507.9527150257
481,922292.4752330923
4574,2294410.230347792
3691,633992.7081324414
3890,858165.2524765757
6582,1032814.5702457192
1537,633355.3649482194
5888,562484.6553620487
804,1130626.0775024071
5729,1004316.8798525739
4286,961411.6754701319
3160,409340.6466874646
380,1588213.020646538
892,645891.8898956861
6606,1394663.6076529103
5601,833198.7181185152
304,2220039.305420875
3295,482818.2495519814
4417,1001978.4583272407
4679,567822.7903959593
6705,1525085.2270714298
5884,2590825.2132563745
3740,1035665.6752206034
5911,949572.2961686625
5411,534807.3516327561
1666,869903.1720539613
408,1823990.9012263033
6305,564689.2242616093
2103,2495179.0879081273
6213,612193.6138018912
6061,528295.7107369679
4160,1081843.7761691753
4289,523713.7838536966
3241,735002.8632846446
515,890293.4159795092
6700,1166983.208085112
1643,604222.1671725798
1630,616959.141471621
3397,1425101.7020590072
5780,1343035.5100392974
6478,1441522.2853746992
3686,583625.1315578443
1454,418152.7002601889
6452,935459.8778485561
2029,1602926.807001347
2643,1392000.2314391534
6533,1749571.7072338022
813,1331460.1386720303
2414,710158.0304223187
6779,1328173.6570778668
5092,761710.0861148793
4796,1298227.8098697313
5484,963707.0685921102
4365,824393.8354985563
3,1990784.3172749386
196,1266887.3023339112
4519,1039918.122823472
197,448312.36634061736
2342,762063.1444275733
811,809487.4274295334
2814,889892.3129126835
5500,643964.642838035
3091,1144427.6205430503
3015,828203.5040004815
3888,449655.52438670135
1577,1918484.4380342262
3803,1991882.9744176988
3341,675538.7168083028
1701,2103005.2078774413
2477,1734267.2314708626
5353,833566.8566197552
4583,749176.7824741036
2364,1092172.8782254788
194,1322171.2449915786
1960,1293104.4239444844
2562,525418.9974234801
5656,1447352.9895667592
1637,698981.3873827286
2496,1129524.2003175593
4049,1693347.8449959608
728,776106.0448050102
2161,545846.3218351606
703,1518146.7729824805
3033,1806022.7411928813
6658,555820.535025957
1556,397731.90171324176
557,695169.3465416057
2183,618926.1922580092
329,1370087.3644104977
5725,1045810.4644586819
1162,1298880.9637252013
767,939291.3898661481
5713,1191936.5452157503
3621,1251920.0871524366
3111,812359.9580860987
1103,862766.7548505568
1761,561655.9580706577
3961,1565127.0205696067
3071,2193851.579808443
4628,584901.8889638928
3644,949284.9567738335
3587,953737.1643464454
5033,788505.3717080808
3949,1036911.1984028367
4632,356951.14963578095
5743,1609823.8304550778
5814,1777289.9988011096
1478,598270.7111831225
4688,994643.7991881254
6619,594137.727065176
2597,1390926.630085723
2881,1344932.0788747168
2239,997962.6846160867
2645,398196.1184077041
39,817194.9901370306
903,1890815.4476568124
30,516978.55051370803
6811,812036.1101590189
6727,1900837.1931277532
1659,689561.6226668108
4147,1054951.7262483079
1348,427541.6210625257
1315,1775019.6421379643
5744,514707.53470604453
4264,669330.4795257334
5782,933710.4616973209
1682,570818.5723294856
199,1381547.4832910497
841,1328404.7127683498
1367,828465.8872133179
5598,794745.806665754
2715,599256.6297496874
640,1014144.7397710446
4540,1009168.1942521804
2018,1751665.8490474042
2661,1312676.7628706244
6675,1211853.3353863556
2149,970650.5796209723
2046,401294.0793543307
5124,500231.2900105669
5379,955061.717460779
5799,647785.9193377182
3831,1044728.769892833
4982,792800.360251083
3275,988203.0864898437
2109,2177544.3394351136
2669,1001586.8345130422
561,730023.0828509371
4809,795306.8409804715
2398,524254.6615379203
5287,597215.8851367969
4971,830087.5974011766
3212,1772995.4685965118
519,1004995.2089446374
6715,859857.4261869161
6815,1502233.9576148153
3264,725465.1911822091
295,2389345.2076674355
5701,566475.9511359753
5316,1165506.8899087056
5543,886145.6830360746
6180,1650846.7979002118
5816,1061838.0759166242
313,1406521.383814971
4652,725561.6706561804
4677,533167.448132233
2622,1794188.518927366
5635,858158.0328433865
6741,947621.5296738502
2038,1845366.4251308318
3435,2701501.942508419
3484,868193.4573909559
463,891824.979946608
634,1638372.930256083
4367,972454.5628379026
1842,1596336.4045867557
1780,576875.1031820105
3817,698677.3079270808
1208,1213956.9479842714
1622,710725.2723174117
3870,1331109.8478302849
6298,1549017.558903031
2278,1244304.993396825
4506,827386.4168225108
1554,2180651.982920666
610,1765034.3208753695
2673,1612939.5067409617
6280,644735.8669804765
4205,611391.906170052
2280,1438664.298293218
6016,927205.347112794
1370,1901576.8269664259
1147,452072.44880704477
2520,1530200.3602212605
2443,379591.0853724378
1256,490718.01460798515
1810,532041.7591979685
1078,660521.6297532689
756,1027816.9820179435
58,1215747.7839387357
5967,349483.2291742283
2438,528023.4972335852
3210,1276111.4793105032
366,1943024.3027929214
4393,1022374.1964437406
484,1701934.8766893505
4729,1436501.4370985571
1152,1249301.7511186774
6552,781997.0024793361
5939,722499.8461709404
2145,1094653.4911792967
3788,633137.2071337
2565,620696.879078199
6199,2785861.495560105
6078,880372.9003494105
4603,1694762.249472269
5199,1708910.3369908193
2835,508085.7973803253
3758,1952372.784306289
130,974379.0384375176
4219,421458.2916050162
87,846760.9723474683
426,781088.4756264657
6079,611012.196456421
2846,644776.8456302221
958,627612.3441669553
1372,1037689.2595110154
97,669150.3864478114
213,1706085.581460274
5662,852114.0056068153
2805,787887.2818675793
4907,1259296.0140829491
4131,972816.6419044732
6519,590188.3887277945
715,950543.3314393943
5049,2004165.853302165
5809,687602.6134990513
3929,474572.7110241503
3520,1012778.5892691195
121,854566.0824432181
3583,958542.2985612246
5792,788328.1331621908
6411,911313.7130224593
6397,2320502.04871217
4770,3143534.1997009944
5206,1309308.0025969767
5303,517253.8358538246
5777,628346.7557780407
1054,981975.1456727277
1928,774644.4087364557
5455,1084895.0997256858
2170,1149034.6470710067
5710,539371.4291738614
1973,431467.9764443369
3594,631444.1380946613
6516,1800707.0648478754
4067,390413.3444556513
5779,748540.585032227
4752,1845736.1129374688
6083,1342423.7059759502
2759,473530.89434798725
4297,1569766.4412687845
6074,523010.1535909565
1740,404193.0825420423
3476,746298.1063742188
4156,1166469.8089984092
1506,463633.5428425124
1443,1120262.1876550263
223,2905519.3644559877
1156,782362.5882987011
5885,961289.1915171946
5,1110662.7418064235
6580,1018170.3419326112
1273,1135023.5675433825
2349,1146970.9960474852
1196,1509922.2805142654
5570,2890483.735316788
3010,1162873.9462023575
996,1405565.6478131327
5822,1333517.2744540155
855,2388924.057746512
2073,3345349.132287638
1016,980555.7645802315
4639,865913.625676624
2446,1166606.969500702
646,1897334.181332356
775,532350.6508538221
3867,1267778.232024698
1938,1185922.6064463307
2568,574971.2223487482
2308,958818.3980744104
6784,500313.01978323696
47,684078.71707678
923,477443.4902322259
4318,920852.8528711065
1459,998477.8162948536
5579,780305.2436956251
2241,2162352.380495165
2942,672681.1650277494
6399,1269875.5530112535
1940,765525.6568262847
6107,713966.3878684195
3394,1319578.5256593416
2253,766469.3525276285
5736,754080.5915815191
3576,1303026.40891448
5524,2517812.3559072386
5413,568308.6176902545
4998,828478.8557104373
169,1127997.703777635
4585,1077494.1906895186
6288,1084731.7653816727
2993,627415.917692245
222,1655469.0111814344
6545,1059529.3262542388
4781,899513.3907671955
3442,465188.1588475454
1047,972275.2649735442
6663,1147274.7138881446
3952,1786265.6534843182
3716,651886.4569433898
5187,1088623.4160317476
3287,628857.4583576643
529,593378.9294377061
764,1049184.7791269834
602,3644685.1825086456
5005,745435.562096488
1749,1504187.05347918
4695,1581429.0624683022
190,1132464.1747234256
4395,852108.9791726789
4287,1508624.0368562536
4623,500822.0930531508
2849,1273866.4737870414
3130,921404.248888557
4373,1119452.3800998076
1088,1160133.1755986451
1684,700571.8528909795
4592,714256.4921852327
32,533786.1420586824
1276,715539.6198051951
5130,804458.6566870683
4059,1218891.7666738818
6275,1677446.9723534393
2981,1075246.9082705406
5441,871693.3383676509
1868,1503927.6101973811
5551,524714.5581763586
5927,1232705.4944187999
91,531395.5184963925
3959,1182727.0349141438
5022,1211772.759568044
3649,647542.7055239051
3506,1399259.6999907654
18,1228410.3473506507
6588,1374622.577721729
1389,595768.6122582093
42,1030251.5379378085
911,1863361.9955026454
268,806165.7235434339
6753,1247480.5138059156
3975,1153082.9945466737
1233,1074244.187275726
2652,888359.6003766225
3362,1289865.2657320811
2184,443782.72870811186
2158,1781999.670876635
6447,1337339.0102830683
564,1612314.3569215282
2902,1018577.8914126789
4808,969341.769611111
5582,1628354.185592846
1076,978206.9606892728
5077,1095028.6545128662
6441,926562.311482888
1522,789717.427278259
4886,657522.2675473783
60,1327801.1179369462
4526,693409.288362506
5766,424159.5374791479
852,686008.4179170018
3764,745775.423393458
2212,1503192.0980683714
6249,838548.129455308
1095,1356953.5252769457
4555,1162770.0494112554
5591,1101305.6562606317
716,810294.4444638697
36,716531.4037872052
336,2028927.9169417978
3181,739149.2480552263
5172,1791649.0685667219
3874,841441.43181793
6359,540876.3152631833
6537,1031373.2462526882
2075,1791604.2843690012
6049,1133753.3684911008
949,1624008.1488168368
4593,747569.3164680004
1704,946712.83268254
1142,496249.7346700711
4658,503312.62473292806
4723,771351.0230183743
2841,308267.08146461094
2851,1031559.1490559408
1332,485341.05329607974
2294,880368.8379144138
1589,2189746.068600682
4445,861685.2569699557
1096,523707.94411723
7,782237.6126667593
5351,1270019.11581541
5870,1124708.4434252526
5896,435770.3359013206
2973,1440616.2997203465
2432,1020985.3281805607
2604,633280.4816890516
4987,1248648.8490428799
6445,1888027.3698938917
6001,650830.0411664246
1324,1031758.3435897069
6678,468604.35641904466
260,984017.305084965
4207,714828.7517934347
6301,2014562.873100915
1254,660510.9517009851
4432,715295.2004184587
2277,1473377.422791267
3797,565536.3581505293
5308,1172678.0524421362
486,1369866.5867385597
5286,1524648.6961107047
3008,1108179.3512366998
2284,332474.1313993124
514,1145010.7926840005
386,699998.436923285
5247,789253.6474392215
5030,731563.4868626125
4028,954238.824917845
1858,1387231.1552259522
396,1582810.082854557
773,578926.3518993149
3956,490048.16479738004
6093,608896.730459663
1015,1121939.4098141892
6711,1488009.6527764795
3667,1400107.410012592
5382,688744.2531215011
2995,1047522.7292971219
6701,1815040.0949028376
3089,1366361.0191750852
1785,424257.9360153401
347,2661476.401586522
6085,610909.0203169573
1951,534449.3946945483
4531,792646.8297315877
4253,1176146.1458043284
2128,1404545.7988440813
928,728356.6389212651
5664,1445123.7080314371
546,671872.7291291229
970,546858.0400367576
830,776448.5143616612
2319,819579.5823925186
1993,1483752.7327590166
5078,892994.1956165646
4280,471919.7497955572
5321,844082.777313872
6292,2276893.8577813962
3707,1397732.8476880232
163,1002647.355687831
2361,863236.8177786436
1529,1356345.3559064937
6005,1289286.5665875424
186,1281881.2603479035
155,435893.7056054273
5521,821200.748120246
1349,994209.6162063866
4530,513041.8738550898
2644,1380945.62873793
249,1412726.7414592598
6121,1073756.6070141862
4238,1022150.2870912683
1831,769512.4552322265
3974,562993.0470860243
4190,357586.8061094461
57,2050464.52259596
10,1315036.015055314
2618,572205.6953795174
6299,1251979.4833628174
168,630505.6857101977
574,639541.2912128913
5203,951986.696926887
2484,1279734.468315911
2335,950104.7088443224
4116,375798.3691293521
1625,686204.0767384503
1963,965255.6251966279
4068,1060999.8511321791
5849,698432.9109938929
2582,580807.4679912385
908,2646017.48888195
1944,963537.1322842936
3705,1213171.3133603418
3101,662028.0209802629
1860,1184465.889455025
5264,642930.6831499084
4400,1617950.6127501046
3079,539108.2925632419
3107,1336911.8024266479
4762,759311.6790372056
872,2046633.6029803525
4565,378965.8784794823
2663,1056114.1228584393
5577,1911071.4154742684
2976,1164178.8078587467
2110,1643059.394741831
4336,811535.7141584929
1250,1560141.6084879935
890,2210502.343566304
995,1152384.6495790982
50,2139293.09873016
5560,707282.1195496722
2426,1417114.255797405
6467,492916.922007696
2760,901271.167355201
5053,677185.0634342954
5397,522003.5265024086
649,810302.4086842233
3280,635227.5500535043
2102,1079190.4176286678
322,1819286.9543518012
4480,1168445.8594177014
3896,546245.2563572987
521,872686.6648331892
940,325188.1357086227
1794,900823.0446631957
3083,414594.57052258024
3674,898322.2644845117
3438,2805737.0467371517
642,1536311.2860043207
1588,2361661.7396252695
5516,999482.5505392011
1696,1190654.1569149538
3168,2217431.5241022897
3670,1268915.4347727676
6336,2876988.745435786
5178,1763523.5060690239
1925,788633.8456574065
1514,863960.4324434832
4548,693629.5136303034
868,2206351.3394232797
2717,794753.3998018872
3741,588876.9236162591
203,992635.2475584414
3473,739579.1587535834
6308,659337.2528334485
3330,2448068.408744588
3643,958789.6154235445
3021,1119757.5776151977
2231,1474627.1049456475
4221,1494099.683934753
81,485042.6047862625
6527,852256.2617533795
2985,1053840.3622841656
1718,1808068.353305485
4517,448747.0394602862
6043,693563.0356025975
5541,658383.2971958269
2332,885512.6948489663
5718,857251.51855902
3387,361733.51722607185
4721,682576.1506021068
5886,1410645.1593349683
406,2146561.681416104
5692,1057394.407843032
3554,616261.257108081
3835,1133873.5821030303
3709,1166958.6282490864
2131,1336755.481761276
1057,1417572.754288406
1327,1129836.3946217485
5032,701846.1921883299
6486,1718648.1599025994
6794,1239043.9831597472
6067,554547.7074471385
587,813365.0916467049
2078,609480.8856461495
843,1516575.7320317952
2285,837588.8762304181
4872,719624.1705712067
4208,643087.0968653198
5501,1072450.1001065583
1172,1345499.7587450938
3128,961555.2220375047
5474,730145.1508981391
393,1341625.5133771999
2746,1050545.1665085622
4485,1178121.7096560844
5184,939364.08139572
5146,2287171.2219238086
2005,3048503.2565904846
3911,826449.1466757094
1933,1112654.00108225
2323,949959.1900038484
103,804478.0236257564
1335,813601.4015493013
2039,2366788.2985569974
3219,1238972.3708033243
1766,870584.5779341033
212,1911439.3552582976
1752,1612959.5764572169
4927,1197499.6674854525
2233,1421470.489168998
2081,3138142.1259942297
5433,1190296.1127338144
4397,419657.4320749621
6373,1155192.1583949716
5234,1089900.6695682781
2636,1020811.7117971652
2678,747235.9046070415
1929,692899.1166484309
3538,1155406.9673252783
4376,780513.5841207097
3558,701709.3654637401
5179,1394380.6790067342
1614,458177.0434875252
6479,1148091.5613221275
4331,1840849.813317702
1840,587978.6044177487
332,1705473.0669863669
4740,1308410.5264008453
3286,577561.0805537051
783,289723.3539363413
4940,704422.0264493729
231,1528115.1992235305
148,2751615.225582012
1018,1561522.310608538
2119,704441.3476687734
5838,789157.931339364
3999,1330860.436844188
4734,717073.7499553029
2672,1108461.747766957
387,981475.6387527827
5475,617008.2502948334
6652,926177.0784063676
5803,619668.2590691679
5079,1147468.910765941
86,635340.9694949498
3065,415519.87131105113
4609,579950.8632250967
271,489661.65684067697
6755,1192114.6490671965
5140,827648.4699217898
1802,1032825.3151153553
6718,2344085.167107028
3358,1198625.2975380854
1615,613279.2797144256
140,1643173.0593718141
2455,868805.322282413
5912,553559.4062098432
699,937190.728688441
757,458658.5395748885
4495,514359.4046498315
4758,1847552.9172387486
2198,474227.15545622515
4143,568496.7598819144
5681,651378.0192418472
1999,2030172.01443138
2130,493895.3328603574
2862,1216367.0512772454
297,1092341.8042274255
1171,1353763.4657973493
3664,508289.2658971728
4890,1669714.0858263585
4641,1098068.1502452076
5790,745740.8274607271
1422,2143512.299776431
6417,1229936.2512665698
5973,1018252.3637595967
1400,1270627.0115691854
5194,981512.4647375114
1079,1069710.1591016874
6357,1013839.9727682327
3611,914006.6532931881
5943,1888340.871922849
4137,1295780.0747567809
5158,1135258.6358966813
4580,569608.7315175567
4085,550165.5830713563
2474,393661.7494365223
1823,792105.2098811369
4782,1055737.4173496873
893,2322187.71894382
4004,742676.2724556039
3731,655258.4219615384
1995,3008198.717539424
5165,540959.1334240007
1109,974067.2128835983
4126,688455.4406531733
1846,541078.1046476194
2162,511050.23326262634
6656,835965.1959334841
5555,1121049.8947782586
3584,1354169.276267002
5418,706060.5157080401
3291,466285.1044949166
6556,732725.673791077
3151,480949.10029959335
6312,1168388.4071209235
1988,674978.2388974847
2843,435766.8268818283
1657,919124.1751002896
3832,1043770.2350244345
5214,1032822.7964574574
4179,433425.9602564336
1107,1157082.5217328048
1061,658508.3225212909
3123,644285.307011183
1451,705547.2385768456
2686,1328312.8192449373
1618,520673.9029814851
228,1720691.6992922127
5613,1347944.4816837418
4608,926241.00635546
1619,707870.5550463983
1585,1710635.6309050058
1841,2023654.6389559405
1737,660433.023127469
1381,401619.1590911631
4749,614154.7690855832
3433,517208.3218963434
2812,430050.4813442878
5262,835556.3741018192
3400,924802.9928440857
4382,1003691.9467282346
316,763036.4571197317
2560,1183861.3224980012
4858,867970.6073862443
3344,2365590.9497083207
737,852970.0627344872
1007,1736574.0996837686
5074,1084962.5899744697
6425,1384818.6573235197
3514,1184739.536087964
791,966681.148780554
4096,1767347.0944895127
4227,1628586.9217154519
5355,876951.1627690827
2875,522277.0791643395
798,1051562.2562485666
1893,653788.9293514196
3165,485509.9930062594
6008,761044.7704942275
1336,1569830.1212258807
1874,1444624.5305605398
1784,3004895.1773608737
1123,1314060.8109626092
1527,1248265.2500999514
1341,1000506.2662646469
6102,413753.018046557
5328,1958776.9910471376
1510,810249.855840049
3581,894039.6705537059
2654,449146.70723506354
5360,558825.2677004153
300,1789726.1486312638
482,1119004.088592597
4984,950346.2723540864
6716,1595540.2285537887
3113,610892.6071372669
76,961971.9073713317
1677,643150.1860413669
4070,940829.908846802
6071,1173798.5395211119
2304,1136902.54102314
4800,877431.4043553214
285,503766.09437379875
216,3467911.5612803535
3147,1705970.840230311
941,1028002.655818662
4386,1031526.9436070771
273,884321.295058849
3689,580849.2831192449
1491,893968.7017823289
3799,915940.4131050261
5014,1005806.1535287629
4394,670374.9352314466
3417,1276457.3745342307
2586,991388.0045015626
790,1455287.0301311205
1899,782880.1493701298
2236,1055434.177594998
664,1450224.814832853
1338,2022360.3072212595
2850,982560.8597186952
6490,576348.4259651277
4361,896766.3916378686
6042,618352.2027640695
6813,1523054.0821680606
428,1920615.6708241908
5159,1844138.1450054569
4986,845306.2076177768
709,1442696.1663908816
1469,1147860.702266955
2991,703724.5694479084
3539,1585677.947185798
4498,590622.0537590191
3773,2351792.795298109
5818,596549.5166941504
6055,720669.4194571262
5060,1348429.4423391048
2352,878417.1043894996
4798,573094.4202630965
4870,838285.386201443
5738,1528822.3441202987
177,1505371.6216888314
4110,335574.50160184834
1691,622881.6960501339
5010,411523.6891571396
2007,1864790.7072412698
382,1964294.5757977848
796,576220.2622236406
4125,1420528.8819037434
1521,356130.8085199159
1252,594915.1358299971
6480,780295.9601457386
5595,587597.8118037145
4895,1913917.5648514684
1487,982121.9102693602
3814,558023.9147874201
4148,1158746.3035687832
3618,1057887.9990500251
4810,1073471.4990538203
6261,1285162.6033892257
6251,751280.2346801901
4819,522364.71708448726
1155,947950.6064622418
6581,578056.5467125473
4322,574348.690359308
780,1424535.0594603184
6195,2307188.0983525715
5517,1350509.1181689268
5754,987778.9724117246
6528,1908230.0794731874
2099,1827848.1516872006
6559,1919121.2784736655
946,1466504.2126802078
6117,672944.7113465603
2556,855768.7266993753
1563,722866.876269874
3186,438238.94857240765
2358,684030.5672890067
3372,1672465.8658328045
6283,617162.3837521723
207,1139699.9016104632
4285,449121.75252734945
6756,1103846.8880517555
4078,459688.2288092777
5941,1060368.5700810775
1399,515857.0425975134
40,641360.9479795943
1777,1541609.9123929762
4619,548305.6600099307
2463,1212055.9317883588
2019,2290596.1109220786
2882,1334386.3355017663
1811,647945.4675290585
573,2172621.930277309
4247,771018.8469197928
5996,1209677.6784345324
74,2090314.2821139246
960,375503.98696014856
4201,751341.9428143342
1238,1919006.1194610859
3106,1256410.6218978006
1083,1047430.7125747962
4536,1006149.0950242898
2830,872541.211335158
6638,1498882.6714050013
5624,567037.0678541309
4985,982232.4678379816
3279,639918.9338415693
1671,676844.6157812884
3383,724168.8342955748
2490,508268.6846555075
6484,912129.5795257335
1062,773438.4625398008
1329,600401.4875922947
641,2003908.6371204408
1964,722024.7614573762
1406,691066.5903813739
1431,1337853.135010194
4600,597201.7894917269
4372,696447.4392542082
5775,682323.5961468979
453,600274.382075543
5097,2034883.6104748433
1977,1325816.2712259977
4822,1451759.0163804705
436,911878.6661038948
5522,549547.0939447661
4766,774709.4660802984
6143,508797.8481410609
4064,1245370.8165216488
5329,1195426.9060839345
4928,1143251.531992039
1405,665720.2768993546
4696,798905.6092583942
3303,770030.9041947088
1697,2475002.1033304846
4704,1035616.0764333832
1414,1117872.6564266484
1411,1540981.4773536103
1048,931739.4583189854
2270,1360514.2716036562
2141,493342.1956827671
2318,1171768.4833556784
3512,991980.8106762873
3937,614957.5050669737
4136,1400930.3492181078
4666,496293.8481169239
308,2251582.815210346
4388,524628.4181075589
5143,1686937.6889212138
2097,2113267.4745208677
580,2900995.702403991
2907,1442636.6359868087
4906,634410.5619583149
1248,1094418.4322277533
810,1479225.9335186412
506,1179385.063111399
555,740545.6055066374
2551,913259.5820701289
706,1219099.4921373446
4878,1227023.49194829
6018,1417446.6305948053
2091,1480546.885407387
901,657710.1561705199
351,1884162.3649776806
1983,1917419.0761209032
286,1590917.7074879296
6461,1191092.1389623068
554,931828.8295321792
368,1558609.4064607893
338,1762448.3991905053
512,1803562.7902336235
4499,302417.7545262514
6667,738118.5602919676
3158,470671.36393159296
3416,1144970.0709194543
3970,612844.0523463205
1504,353997.42055429093
887,2510539.083934472
5868,1175659.716342787
4642,1414191.0799855695
4534,1857361.6170074088
5977,533186.2750585361
232,2083522.9090871348
3703,914465.3765334296
6758,967424.4068548345
6096,593753.0466475227
2107,1831038.4704776357
4629,884406.8388265346
3289,596417.8570644273
3169,493687.8074003464
4404,571965.2280504572
1762,2258872.356949886
6602,2852524.269078404
2763,1040898.7911345024
3126,435453.11401741253
2098,810257.8111962482
787,769957.7521939396
2292,1010449.9955804378
4991,681520.7311750136
6216,1345884.0195409337
1187,1247781.491823325
52,1298233.6573656655
738,1497522.2715955868
1961,995196.2578192396
3334,2166387.6808819636
5015,1146772.0291596926
5333,758404.8988777883
2345,427295.02647926053
3737,697843.3071925761
6442,1931206.575679078
6125,496512.5167682663
2377,724437.444577219
3217,1193338.9532269042
1100,829462.6791967293
1102,1028687.9337840314
3681,1258422.8613558111
6702,884895.3233158736
6339,1035616.4650642845
2687,739953.1644549436
2564,964755.3727712417
290,2506004.098185806
239,1336384.8824857138
