Id,list_price
9907,116.18656045899607
5243,23.74676680389436
8276,150.5276753854314
6501,52.738819571485735
1619,-9.411458406035734
2226,49.62149695048227
7130,197.4731685659868
2272,115.89536483254871
9594,46.04453529781752
38,9.299453895053148
3851,135.64022250224258
1713,42.11162653866872
10304,66.89901166259347
2339,14.695907675128893
10128,24.00881303229331
10859,94.43072714007478
392,116.17212339636488
3888,24.849223202174784
5940,28.09236468218245
4577,590.4263766905589
2829,18.846102909113235
9614,411.7449310975211
1900,400.2366458292739
9527,77.02447330134576
2341,75.82053754095932
7739,18.69431301527444
3445,34.483261992922166
298,29.11631588106814
429,39.86577674267085
10482,51.104840440817576
6309,32.11080814185617
9634,29.249014625329615
7093,37.26986528674121
1874,29.441407448208906
798,142.20385164623377
6394,108.0521999922627
11894,31.919671821147375
9504,95.39741131107436
4255,116.33492573966663
8991,61.30898006716051
8667,41.444401543451974
1067,122.90963264287433
936,411.98380979624426
5751,21.547767172453177
7347,69.26943092689065
5061,25.13771341543587
11880,24.49827628107804
11077,90.5377649084477
9796,46.40327615121398
129,5.206394066227645
6500,62.52201971631617
903,33.60504358857891
2018,42.9744958764081
11332,50.90403374843437
2915,40.18268284207444
11814,38.436569444045446
7732,61.358781416006096
1074,79.36550553796617
11551,91.12665225152446
10732,20.008243131406807
824,46.99784658683483
5778,8.523677397407852
10059,29.37402405235982
9400,35.59737949071064
4364,40.01170026598991
8063,26.635597264434345
1466,-6.964305966070242
3113,45.1876666390727
11058,70.33060344900201
8462,41.8926397194352
11124,404.79652354260327
8460,36.48921589058334
5114,32.04164245961764
1088,33.270478681174396
8311,26.4190567095023
4693,100.348961207142
756,66.33626516629968
4864,282.7955451914715
2913,22.70445620025543
8574,25.57574077588162
2851,6.092619975761757
1097,105.90637518599007
3854,134.97894731808668
3136,281.99086088911923
724,23.775984785267788
9697,16.720623227052812
7172,31.221372277545314
7128,-2.030791918425365
7952,113.85410484845384
5718,72.30846420860966
12179,39.18949448027041
7537,175.70419989215054
3255,401.0413301316262
10567,78.71226213388962
9557,29.96353699575915
10793,51.746765710294035
2057,-25.02333178614866
11958,56.715987123559024
9908,51.373068541601654
6971,41.053807800116246
1821,26.429115401184497
11339,52.014993811078114
8966,26.81641309449155
9943,64.03681573735741
10888,22.481328888182794
9265,78.07017023217827
6307,25.905416787948838
7913,10.433908766594357
7738,18.932322480148137
12085,150.4804299751206
9432,233.61201392452458
175,227.9177280398664
7253,58.43730886108564
513,139.92420734234065
10635,29.91048025392798
2120,12.292493412804887
5948,77.4299061456638
45,14.862965729105419
6702,-7.922013368522627
9850,49.26317001084688
2492,76.98647421242755
5907,59.96082486458796
1458,10.426099553129362
1618,23.683390316362868
210,44.816987583300346
11477,34.75877235364041
2478,46.78547627604127
6426,31.254802528858
2960,35.392268581252665
8113,39.58982189913323
9717,59.1438087467087
1704,28.840749621801294
3507,6.72303461131829
11102,22.157751952826324
9801,21.641038888252034
3952,69.70548861886216
1864,45.38542460059689
8349,48.22670977502575
4353,90.3351167359923
9770,27.946851095855855
2409,147.8453943775906
3924,26.478103263511883
2337,29.283241056878637
4905,59.59678219958361
5603,35.97347013765777
7039,64.37312734728765
7992,23.72261176867554
5973,52.047238775840654
3338,12.264947360334808
4700,59.478322391836365
6470,33.580111800832455
1358,45.8819089176521
6467,100.55374442572753
569,235.3501784619283
12256,54.99774788446552
1261,20.73292817070125
8498,43.80624108906676
2778,88.05319016686981
6027,86.54181337634029
3204,18.402558541849224
1141,7.195950941029579
3905,45.455894739856774
1386,19.103955042809268
11170,141.39916734388152
2938,69.65858828193683
9836,16.149132098693997
8395,111.20849123163822
4688,41.388552694376415
2679,16.253049720429708
1510,239.3915216643184
8889,162.74399739302595
7382,121.15232099630578
6564,197.20494046520272
975,15.672438338984648
6600,23.042289255856993
6290,48.62286480908383
9185,55.44945407119265
3991,6.651225456369808
12252,73.73127999897962
8050,32.778765346160995
11572,30.776667020269898
2620,5.041896958642553
5396,161.96716573066846
3104,101.40787267510504
2277,37.006624247449324
11985,43.053770148156445
9115,25.921613577853556
4547,16.224405631336822
3176,89.79866053442414
42,26.859861446843915
11787,15.437560040147318
4876,26.04147706364742
293,13.8212281649417
8693,62.27467970128596
7995,408.5803243764791
6953,81.21114625058526
7996,232.45580723517162
4092,28.36264512248404
8622,62.38272220846764
4521,30.274214392993258
6246,17.86241832513418
11186,70.48599843443338
2398,66.30718193724084
5416,60.94324891835509
6777,-22.87750697987603
10874,65.47581443089221
11316,123.02991770179432
10665,33.30666256863982
6965,39.05336569756507
5865,35.14807538666294
5937,44.28381647227681
10426,30.232788708883277
5887,24.312244973149085
665,57.84897760415356
2332,24.223154065669014
7298,44.34059132634826
5282,19.79904788034201
10694,25.73310595482419
1506,411.7155816954602
4895,137.03393226256333
6249,260.05800759099895
9685,11.86043939873268
8769,148.8710613704161
2870,5.995473540774505
12211,79.78517453702594
9929,139.71621327040413
6862,16.260995046366553
8303,19.200550580932216
1124,13.846942139309846
10831,10.937730304464559
4059,47.417068438241344
8906,369.5663593599635
1488,33.34023552914795
5299,31.907346601172428
2999,-5.1503660789664565
8437,50.826759853888014
8744,138.0466106368521
11825,16.364041234162833
11462,11.70915301326454
4362,53.82555609239239
9138,30.172618335118017
5644,9.613001104771186
11096,26.042837277008985
11162,28.336188512367805
9596,37.70199920233111
5653,17.903164025916922
8278,102.79353836550558
3139,294.8851821469291
2101,25.493821214352515
4721,107.24751568991047
11455,42.67360369724197
4041,103.82622828785594
8687,22.88890767637357
11762,62.650120571080905
2429,45.92188080216505
3731,71.21435029894162
899,52.09861520163707
5800,7.4337604796821495
6236,42.733328685930445
2020,22.434377421899704
2669,27.882527147717603
4309,33.66089605157181
5300,38.24868139521284
11090,46.90008045344483
7142,122.58620131634481
4652,9.178158390891895
4049,51.68193261776559
11863,234.33340394066016
12165,57.58074950336948
6125,61.21147701913917
7558,36.59870522041176
1617,12.428973614507555
4026,23.49831215302701
4415,37.77022128978663
8664,39.85804999991731
3997,34.67795599171522
5428,13.337859763471123
3702,37.90929696836194
6498,77.69813424644788
3801,87.05079959825468
2462,747.6869509046965
11839,183.33264785005179
6880,29.505618914090668
5256,30.654262808855613
1316,34.361388666157
9245,40.225361456858266
7428,38.69337711803145
4053,29.643598014062114
2889,99.54427690478977
11086,64.06314682357349
1551,5.650122208181976
10738,412.0131591983052
1659,49.08504074891411
989,69.75290604249668
1944,229.98561644624672
5023,-1.0599739062911482
4928,22.237604953504757
7525,35.95275968901518
9547,46.55550183323494
12163,43.76689367696701
3339,19.640411244377425
5113,28.113916087252036
11925,23.39241955610821
933,257.91218278472627
7261,92.84243282294776
8465,37.8780724237797
1092,37.106589951069395
6588,60.82232521443794
6853,38.42514901724738
1250,47.349647029840476
8168,48.77610884208955
7904,8.528822161858358
5812,41.92500889594457
10762,27.49794130556998
439,15.195922219496111
344,27.988755221451918
6643,368.49344695682726
8896,15.01036024069461
11365,30.85877687110827
9806,61.39967866766628
10560,163.28045359459412
1039,22.830981692288063
1079,43.266030215424834
7288,79.30351942276747
3169,148.11362247837468
288,29.601873620629092
3557,24.824666268522883
5332,48.058207706299655
8596,22.359519530361204
10903,46.09661454136675
8536,31.789422820334742
6087,47.84224786103161
90,9.601774671971889
12112,23.932060856922682
10957,38.38752304471447
703,84.57838504251802
11671,49.836078379730225
4329,24.972448465052572
10828,30.392382058010426
10031,90.5901960499563
7666,41.26536165444808
4893,100.73294408491986
2379,225.47107866146638
2578,73.53750799115275
3926,-3.3719324223457505
7259,50.965989523361536
123,25.349953536213704
6946,36.816609355926744
11250,29.0861577070753
3840,35.16607296850924
7496,55.050756710101794
3283,50.74334763981939
8756,61.84403412534687
818,74.62807296985318
5630,43.53590702399602
5446,113.77250755193936
9493,22.59092035300229
666,37.20674809541511
9905,39.790377539779456
5253,91.748446132234
6491,41.62690476499467
379,38.36681259607188
4791,35.36922039122208
779,44.335072716223806
11568,29.984000171014856
8234,41.53358975523216
11503,38.58795760063102
11633,39.97877712882453
12101,49.47931625161796
11047,30.988993114513832
2494,76.68118728792498
12053,66.78718025434435
7661,59.72645933308794
3975,25.59919239688228
11610,98.97207010459665
6963,44.21901783587819
1066,114.17026864358928
6479,34.17461193777373
11453,37.830356394503724
4330,164.91000501857832
2074,11.804163520833498
9374,179.47889973619152
4723,174.3630593882301
4421,367.4205345536909
8496,36.827200839340975
2548,-5.1503660789664565
12233,44.08519062315162
6304,19.763442182763484
9889,15.75191267052783
7660,64.51343338461467
4585,247.55351921992826
8872,35.329151389926565
254,50.47995505357365
10117,32.86417113356248
56,101.79689091079466
9064,411.2084748959529
2887,114.70672484515745
6192,35.18523542442183
9463,71.15060713772985
9216,37.42474739528677
7313,21.143353358789653
3476,71.23555180547335
1147,88.07416419561628
6046,37.29649612098375
11570,49.33472713419403
3236,37.904503038721145
10130,18.63845853839353
1475,29.39178991013381
9983,290.0406808021869
6375,60.2830066941886
7634,61.307577923778716
11678,182.51609248823107
7955,121.42054909708985
4150,59.210094291052286
10380,46.18673929912008
9207,225.12700388956333
8201,29.165277085318763
2030,18.729300451732946
4454,45.72412284064086
7232,232.66789745408752
10807,17.68985893498661
8175,36.97858899592655
8133,10.099784408560069
5905,81.41859854274176
9867,149.67574567276836
9990,113.02546417990533
10893,83.0887429560738
7308,31.61535489691365
9713,26.519509393688075
1846,99.57480115609664
402,21.979244957924955
1397,91.10576169852911
7824,14.410772166607437
1326,265.0189981679431
3778,29.468922823880895
5125,590.694604791343
4884,27.830684521864512
3004,51.9796538720278
10291,32.80008761512825
5615,111.94890839339176
8374,16.930412681881926
2183,12.965429816075712
1214,82.8434986917404
10093,49.046842781116034
5880,82.02105469501092
8859,13.92054794828146
137,71.68348383394735
4184,47.549952405947515
3735,38.80716890088404
7127,-0.25528960393891964
7745,31.489600378329392
10294,62.9191784100358
2333,45.50797659986978
12243,235.0819503611442
1556,46.71096282988982
7367,591.7675171944793
135,25.352975707094835
6423,9.295100106207833
6169,95.94799027410494
4674,34.55966602113653
11733,28.034397507138138
10125,55.853808612614166
12120,62.164399053332616
5857,28.87854629978488
2827,27.222109226493153
8171,24.62668787277417
8984,85.28061814412648
9554,16.41588978310955
535,16.785187599821853
4568,42.66920640564952
4987,25.38567940374294
4649,26.611562358239972
11510,19.866754702281447
6894,9.060133598976009
329,32.92171665454458
2530,11.800839469913122
5101,14.857827799224076
2093,366.61585025133866
8191,313.7601267891755
8634,120.52940985141116
5367,67.9030144706849
10764,25.582118422948454
8670,41.85849210246848
1139,22.434648267660535
8123,36.22098778979925
6337,-6.99740549897902
8046,22.091291429577126
10844,16.98885132783689
4679,23.83722838584729
11861,51.172261849218444
8031,35.0953262796598
7494,25.178368889767683
5353,81.15037044195769
7647,93.65711816286431
8556,32.55900078021223
11361,35.119361185854174
1303,23.468547600877436
7069,40.41653750558851
12111,31.044895121053976
2189,18.832541842778873
2091,111.17182384061306
10820,31.383215619579218
2824,28.550492221147238
477,63.179562073996905
6558,28.635368824216748
4704,44.60717071934522
2626,6.114769254801651
11849,35.39614381291369
12117,502.6512561932601
472,32.09195785041611
3437,-24.21734134446747
3604,80.1701898403184
981,17.05205678668174
6616,229.1692578843339
5046,93.20360606407642
1395,65.87961308052193
413,41.83473006156274
5702,407.68207382026264
2634,48.92200032332411
2104,28.83891371170988
2346,38.27071269931588
9878,63.357301825411795
1822,25.972925752920148
7540,55.1057576421898
11279,-20.731682173603403
7014,28.03288354843943
6738,45.12032068268073
1007,17.617617376490855
8968,9.659973939016837
8452,29.158852693406914
9411,8.756906152729371
7566,22.352451474805413
5722,52.68592074396746
8112,33.24848710509282
8342,81.99421639691259
387,44.74256055540378
2368,35.74244954028103
5650,14.27006497683692
658,65.10972814049373
4548,31.00115851483828
606,47.198981443788206
6555,51.328036807291284
7050,70.07352055654957
3018,37.06537459423464
8895,78.17580593232147
8605,24.959801983971303
493,13.28875873599275
6280,97.92586714136647
10252,35.90001058201203
9050,29.991512792740586
6399,54.468281163295146
3067,51.12945096678126
4614,37.352236614111064
11255,33.66885543591471
4703,79.64313129729297
5077,20.07044095565334
495,25.144013606310473
1478,-0.15816794945392587
3458,23.23008405224293
9149,23.915831261184735
2976,28.65460036258471
614,110.17530629218516
7960,48.83241802627697
10060,-1.931628869557514
6328,24.35819116808822
4804,116.60315384045072
102,58.066556703892935
9623,114.92701725159016
5721,47.759505623140655
4512,24.86948531465179
5460,24.884296518814814
6378,54.033706115718246
8751,27.17366317429388
8474,-3.4773406558772137
12054,50.6013356146312
3415,11.41413852838614
4468,27.62098303590774
542,52.25744430028725
11945,103.83592651733503
8770,94.19357436443246
2945,30.73535084187923
11928,26.668253944832657
7784,33.08874735847351
11592,70.5988315497861
630,71.13528775135426
9244,50.30816994970421
1851,119.90392030850404
1606,18.041418606761
4668,-7.802089801331263
3358,-3.640160523129836
2843,25.212377918946444
12173,44.34269048730437
6734,25.942397717788104
2939,42.34142113038965
11306,281.0980569729106
3762,19.908639345161504
4002,1.1829725544664669
124,38.70137750347641
4973,125.61689125368787
11614,90.80599300923178
2672,30.968730056481327
6940,65.95098800149648
7962,29.951458702921194
11786,15.522433468026854
8331,233.0755577229564
11828,27.253505564004108
1110,27.00094959429633
15,12.292284855927072
2148,22.702876368444613
1877,15.743803906649575
8463,21.67980956035781
11183,16.020140771311908
7623,81.87323962623245
1522,49.058221842823414
847,4.505440757074396
4498,77.96237891884707
393,73.37765048474252
8325,28.686247190897703
4442,231.32675695016712
11612,93.81027351828624
682,40.97270271515208
7708,155.45501701432653
6107,25.69514362155457
10160,592.8404295976156
4689,52.540310213807544
34,20.12139509902535
10967,28.311631578715904
11028,54.46129168289736
5517,749.1291116859434
931,18.836220655881384
1266,195.0591156589301
8335,137.7860473085152
3276,30.942922552200884
8354,369.2981312591795
6676,46.797035243777174
2158,22.625231667256756
1637,73.53235241892666
11968,31.920672179735796
841,6.1730086288238155
683,17.246613630881477
1686,38.37152679227546
164,13.957168728737948
11561,49.211088150833874
4240,29.150040551127454
10447,104.62660988451398
4268,25.02783836802125
1140,42.51100585688906
6289,47.52944594494879
10355,17.602135550286945
2249,38.4938924348271
12147,140.52089757275635
7731,45.29071184874036
7585,90.75644520345706
10591,49.6371023286292
1758,310.5413895797666
4467,67.4889816852264
7228,14.438318219077516
8967,24.383429759777385
510,37.12512104639859
5529,110.61141127284861
3961,37.99344634564898
2464,230.39327671511563
5883,48.69880134499974
4637,31.900623976445225
10419,61.596238465877285
4974,124.58896146006443
7199,77.37112162996924
10226,27.678622995071777
9657,27.693755509260626
10423,27.710119375862035
6449,27.76465544765535
3894,146.4570084633594
2349,145.92055226179124
5018,49.89307712022522
8999,46.019045631666785
6196,26.672104800018595
6083,76.83466542840108
7327,31.791258730426158
3921,92.4469022024495
4351,87.31902769903876
5754,24.312244973149085
4990,501.6812048413227
81,31.983384697627102
1912,11.523394930501588
929,11.53593542004942
5232,20.750150925656733
9698,-5.119808793490478
11705,66.02272732328674
3293,124.81220695133563
10908,34.49054425285634
2028,12.660696372132449
5926,47.65082650600634
1558,14.549641675378062
4584,224.16253462888932
2070,41.596294002513204
10014,43.28050632079938
10873,72.57296618239027
9820,28.043403477931825
10568,15.546816442262767
10638,38.38752304471447
1008,46.700885965308444
2662,38.029195508584266
11636,15.261688452201852
8386,71.85368329349106
9027,55.58558051183009
11540,55.152872478542434
2311,98.67614772023897
631,43.3608376810203
3929,28.06853633865493
4641,28.432706510954354
821,69.30243595815776
190,55.9046579533764
9091,1.2860920531330748
6153,-8.190241469306699
11298,16.095813133378755
8118,29.951458702921194
6062,31.587232254481535
5138,104.3626844894241
9155,25.228030084755382
10791,74.04455565504193
2475,79.3119353890718
3177,87.81073735139282
2496,50.877248315413354
6099,78.59584281713202
2220,43.534258316208906
5225,28.295021629629467
10685,42.965552122571516
2017,30.198006221720462
3638,47.281724305163436
5745,31.21786027629183
2173,18.577874808329156
4207,81.21637039265867
8066,25.44659699055176
11760,33.84311877020798
2216,58.40540998870005
6468,68.43947067225305
11983,38.76588789920717
7487,24.819679207030674
10767,50.63580564765029
12122,31.06925966781764
6707,31.221372277545314
12245,95.80294296913694
2546,-3.9083886239139076
3459,258.7168670870785
4706,37.42301463082447
3874,124.05250525849627
521,50.33608241398319
8729,101.62665682886384
8577,30.310303216442904
10814,28.797189318276857
11704,105.43129418686621
4993,92.31597765894392
7117,31.078291428585366
6840,14.438318219077516
8805,29.916080711377518
11562,54.72951978368144
11367,31.651443720363297
12043,39.597548641886775
11366,31.75052707652018
3811,39.74347216520583
5103,-23.68219128222826
11427,82.86186850670191
5043,96.56472588623777
3969,23.23906172425194
8065,25.44659699055176
5025,27.228199246087193
11026,48.413413044408514
9490,38.96118674968997
10190,1.5543201539171534
2725,21.826925011971355
8720,55.43065618940475
9848,49.453723808351384
8324,37.31189777478187
10982,119.55366294907557
2783,45.92007734024432
4857,33.92912415235588
2392,30.97027167700098
884,38.67390251002626
7990,18.4648701584981
810,40.57055535439444
5608,8.050605334312365
12069,28.78303177899835
1924,124.00752264898338
10177,74.1860609140982
2381,281.7226327883352
11289,31.0644251958769
7369,408.4867581226149
6885,43.059747932511854
4654,7.987221195839695
7678,297.0310069532017
8100,81.74760245215342
9403,62.16346571835833
10993,28.246575577430193
3390,58.626699059319726
1664,27.56132036947963
6528,13.87431596503928
3065,70.94612219815755
2978,60.62206470884361
1961,18.83572694202519
3260,137.24904596963438
10478,29.996347264681326
12223,203.98622816589756
10176,50.734384341651
2356,101.13964457432095
10501,103.14699699197656
6215,54.244440007909695
9797,34.321399508229135
5852,38.51690949599691
10457,53.924835481329204
3983,11.682366629170218
2724,23.865903985866687
1248,24.655820155194114
7111,38.181008935074985
105,50.745984254530924
5139,367.9569907552591
1650,117.04244454121815
549,81.7221992346696
5475,87.85548390060691
1594,26.922421262406765
7668,38.20284717967968
1130,42.161700646114916
12186,26.691306245403858
9874,104.89483798529805
5454,67.64832244116123
10756,50.173558530197354
10737,410.0961267273193
4948,401.84601443397844
5158,48.58855953537837
10242,27.059413611687994
4116,30.901168640672438
10279,25.89259161016699
655,78.24136992596675
2917,29.59481427616896
5123,24.034768354595165
9903,30.720765013729753
7006,39.15244905372195
7655,64.1451306177982
6764,54.512668108693774
1661,17.92145117485346
9810,29.6422521531439
8373,14.974774420645673
4617,47.81818050673159
5411,88.1761431428996
4249,16.379789392088426
8706,89.59970644242176
1331,48.44769696936453
7910,17.833774236041293
6279,-0.0550484507873108
470,30.715164556280214
5075,14.001836876052842
6830,48.758208942161744
6333,22.574690757264342
10880,67.82858470698504
3241,21.309101711632003
9477,149.1392894712002
11463,14.659466017927954
4594,71.7720080070415
275,26.859861446843915
10655,99.24700689407854
9991,96.17515293532946
9215,33.685859950504096
4404,160.59817258675332
3124,19.640411244377425
3709,12.930394889285054
6310,32.70530827879746
7930,44.27857501035399
5679,-23.41396318144419
9822,25.699600275910484
2223,52.15610941022969
5259,60.77335360376317
5412,102.48078507824135
10039,39.49764295125813
8111,55.37398574297388
8733,18.525614198361055
4456,36.54713384263327
10244,34.31467688350193
8503,18.3682400446231
1811,25.948561206156484
2550,34.63232963373737
10561,140.46778317904335
5506,30.416687975193078
9754,469.2467139247059
8852,24.96992487387267
5528,50.057065574069
930,15.71659351886155
782,29.14087281472004
4719,23.509140502607664
8508,18.935330728270493
3468,247.0170630183601
12067,44.309185772835455
6846,16.438011834150032
8883,233.3437858237405
260,26.14301985590366
8480,23.472356830725154
9792,63.0793640036382
11098,20.54169108485261
4107,24.49839423236567
11677,203.7180000651135
9750,41.130011462830566
6882,34.558870078091644
8655,468.44202962235363
7721,66.34807148535565
8881,22.602999822709755
7351,36.29074463777282
9946,49.67707421314215
7612,14.807991594773604
2180,17.012778181953507
5547,124.8571895608485
1555,15.246132949089159
9780,25.53390492490456
7722,60.937922703504
10839,34.11990585008138
5629,53.501366535231895
12027,27.67383909659477
1349,124.27575074976747
1660,34.13432834808596
9537,58.31729370457607
4930,87.22962393300642
2977,116.16359293333278
2519,69.17140228565027
4955,135.51540351965485
9882,48.14518494362443
3682,26.423514943734958
3009,22.212634965717463
10736,593.3768857991837
11888,28.132326014824308
2034,10.877682326817983
11245,23.020950064278203
6537,283.6002294938237
1013,30.559483472524832
5642,24.043746026604175
11417,103.56769841655094
5726,25.69514362155457
5468,101.00117218570394
6053,30.684916075977156
3279,148.48147614349068
11341,49.94349885200549
3667,43.18453894180504
9712,26.519509393688075
3295,96.316498536662
1992,4.773668857858475
11406,56.928353415590344
12072,63.453402730051344
5927,14.003307292421368
8466,13.913064863322383
7999,72.70341515112153
3348,56.5597121555971
2592,53.001135118833794
5727,25.083888398513274
9001,46.19323308581704
6900,19.158602988226136
5964,70.11953246907831
2567,20.584135892981138
11817,45.41560969377123
11472,51.00871681492451
11601,440.7407761520093
7746,38.55864980809538
1891,28.539091269704528
1405,26.727395834734537
4482,24.670588288218923
10372,33.95408805128818
6589,41.66040947946358
761,28.23295048781526
9516,24.919885961345543
5105,82.5094498241255
7453,27.187820713572386
6510,84.98932349801302
10805,23.961820079509884
4288,83.91641109487671
4918,23.09232816838412
7394,26.011728792139316
3359,26.423514943734958
1053,5.5561637741936
11485,46.99142360147232
9915,70.06237534821794
6296,25.816158803772076
6270,52.754845020901904
3915,70.37534836129407
8734,18.569143480926492
7089,52.58369497740881
9009,19.33343697939121
9161,9.04312908438662
2526,11.99671925955073
1624,25.69577724663366
8248,284.40491379617595
4128,24.758000558945795
7195,136.58831592279117
4628,21.045738997216013
10255,35.97791322562304
8091,39.03238323552894
256,51.57337391770869
6530,34.733808454708125
4101,25.09289436930696
88,31.75143758862619
1696,34.58758427890042
3342,12.225309886492518
8826,198.27785286833904
2909,27.62902256719054
9812,31.019045447279794
2325,92.508619735459
1589,23.035992099926816
5265,100.61718930792608
334,21.50517365649395
1622,21.86917009840581
1991,-10.067838174795256
10170,128.0919706745347
2162,8.993122350828287
4954,49.78883747328492
10288,93.89427093850662
7554,35.95275968901518
5863,33.090700483507064
9129,12.21185956023723
8250,51.5994557365113
8291,71.14332380826093
8014,22.655107601920484
5559,27.375861004376112
4140,52.272082113023465
225,42.65424676566815
5304,48.08640860751567
2280,30.566206097252035
11878,11.977381114048619
2033,10.962555754697519
8760,163.57653433537294
5646,28.76464748821816
2001,82.06188093471754
10096,27.283538221708497
6392,24.3138248049599
4205,43.23461304925123
3883,51.61300834083114
11205,27.76616940635406
6594,37.56472422176782
8890,137.3930002251434
3457,19.64090495823362
6412,35.416303487447024
10316,53.108462260675296
6025,91.13980103834454
7071,232.66789745408752
7671,28.106403465526306
7710,102.5253102647215
360,104.1041546181191
4211,37.811308549801566
8328,750.3692319125373
848,110.0713116879032
8780,62.55261752305956
8864,39.11032792549605
6994,62.49966141433216
7221,48.29596182470881
11676,370.9074998638839
6903,32.24230914459283
8375,98.7305514437187
1474,14.61503702663235
3844,748.2234071062646
9945,42.96220937461477
8371,26.179769870496628
11345,33.900141284132616
11848,54.1545557577209
8520,242.87848697451142
7924,36.55897273855689
1792,67.97370766280568
490,48.134940249217166
691,47.70476475579706
12185,24.212368427414226
11399,26.400025844048578
9046,37.095428940125046
11175,73.19482379741146
9835,35.457708506321
6688,49.41189949389154
332,30.899816291892016
1826,47.0814189290564
9353,60.82325854941222
10173,106.50850929569673
715,21.45209795584517
8631,64.4029020277559
2812,31.09593967409299
4609,406.9709557717746
6355,54.51430050853364
4878,25.24067656583665
2649,84.00648258526846
1449,26.61882268194553
9105,32.03186601458903
203,19.189465190186525
574,109.84767839955877
2556,21.826925011971355
8724,31.295865357400082
6595,21.926562593187576
1639,39.77918408967194
5164,26.339386227025436
11480,41.29827385999458
10973,70.58529547852568
6388,29.23839117189501
5595,87.08113430235818
8939,47.86994764691349
7272,26.011728792139316
9438,140.19955507825927
127,12.579733572866985
3663,81.73908277447012
7044,9.466520046247012
11353,24.230048180293963
8412,-2.468085071125671
11611,124.73202612261744
9628,80.43638069890208
9854,62.64871842769911
11980,41.566501960778666
1986,29.075547471272685
3108,59.870336515218774
10346,34.968297188995614
8666,37.1565192945027
7859,97.90586639015815
7594,77.26548592982604
7386,33.250319006641064
8846,55.97138089866502
1070,95.90418072116677
6942,45.680083122481534
10686,22.752721963494125
8530,52.545187153016435
10538,89.64367684006312
1626,21.571920029935164
1976,-2.401114410211548
7759,750.2020240890797
3224,33.127422571574094
302,33.11036993447658
1849,88.98216770417282
7782,23.195064262608383
11328,27.889325497627866
156,67.73340963083002
12229,81.24106500125433
3052,92.49841114404725
12164,50.48175851549439
9101,48.870586448869176
4860,20.44509554672966
6829,98.19409524215055
100,148.87996579962794
6545,26.801644961466742
10747,128.62842687610288
496,29.172031597965457
8104,25.118509107312136
3818,40.31926897554318
11794,76.0445897485105
9647,73.77632755425785
4504,80.81948286326151
2583,77.15769461649484
6828,0.21317964999676065
6314,29.435557525620354
2146,19.9728265940797
9444,78.44403403310555
10105,30.64224419370671
10896,11.121475472182269
10922,39.147461992229765
1459,10.341226125249825
6654,35.24732750015164
11884,22.44572319060427
7143,89.68833405688136
6114,502.2176610428909
8828,150.79590348621548
811,40.61690008673639
654,89.76055058574923
8979,98.44232259172631
7796,35.7837837017198
1926,76.4500180108594
1481,-25.290253747603785
10131,33.415211421894995
8158,25.79624239110622
465,93.17049811051376
4457,36.59347857497521
4744,36.196952883604894
58,98.44712444793599
2125,15.08609787694622
739,84.14004120318522
3539,47.50557026766068
8757,32.2337501655035
2565,4.542992451609059
6061,44.486027546388115
10464,29.17931586866262
3675,146.8665945976859
10884,82.59364040591782
7038,33.84833990161653
289,32.187899921931454
6666,93.12066196129615
3446,41.39218818201005
6714,147.27995134878464
1999,91.86246556015604
1727,25.350602540598643
11913,22.514569982895367
5426,36.46518098438898
6010,-0.7917458055070767
9984,269.04241967970427
909,13.248459194519604
668,44.61091858808844
1196,58.62529691593793
554,64.44872232263656
2324,135.09610152822722
10066,24.651657860561464
7777,47.95848167424168
4097,23.285278764951904
7639,78.23459044801604
7214,79.13229901870018
3032,62.49553064179909
8124,34.16361288664338
1995,73.26927989036867
1146,108.27300770868672
11900,27.040472175929004
8500,29.723284691956508
10114,14.44952106489054
9939,62.27906320742439
11881,24.532704307409034
4187,24.99634198723099
4622,22.38782644492656
4025,19.909133059017698
5386,47.03967090129467
3318,8.982001862481894
6386,29.975373276536338
4514,43.87322082539416
11243,30.499993197327306
9052,28.869611407185936
4749,8.490415803855598
4446,105.82425688779759
11571,30.776667020269898
5363,35.63744849200616
693,219.06047832101783
170,417.0801437111418
11896,32.01875517730426
3026,98.94437582102304
11290,29.94252381032225
9061,261.3991480949193
3734,47.96579468774199
1762,67.39123954870878
8040,30.964545128203945
4783,59.424368663019806
3475,119.27472429081722
6706,23.31051735664107
9031,37.09200889877194
6033,61.64909391651678
4536,18.22276896194623
5223,27.71010105016964
1168,29.560827185310302
3207,22.3996566328586
5147,47.49127752235657
6119,106.62894119014983
11097,24.072387399460204
10214,18.57306318713924
514,97.33672554957242
3494,36.93333561745799
2109,96.04827043587792
1238,225.2028505606823
10189,25.045662221380297
12032,38.92397924628263
1786,104.4831163838772
8447,26.74708202014034
1694,33.64819611178689
8832,92.46913301436585
11123,234.4166982268768
1562,86.67309054661506
1526,26.73272149351225
4998,87.90791504211552
1086,18.189679275637538
11134,83.33535690083298
6497,162.50362193223663
2871,23.497241057146283
6575,91.40802913912862
4466,48.338987090755225
1595,8.45666614926013
867,57.82201475696749
2029,38.94213061081034
10754,53.61809955615275
9123,27.99250501592462
11079,91.5659307623699
6043,18.1276381777959
3641,24.728113886446913
5803,24.373684587415447
3597,114.97495294594152
3974,27.959963185865924
11154,80.70460879968617
9696,26.85440320404924
2849,19.100769943562952
6870,49.11493887236515
585,64.43021422854811
1689,34.50121472698928
1047,21.74106477456236
6453,76.72902972825788
1035,19.140782320952262
9242,84.4213637823109
10826,36.5143694271912
2816,25.041995907299757
9169,32.53185951434416
4600,29.911826114846193
1709,58.78771439109294
11808,-20.463454072819317
3780,161.37835766216037
4672,23.47853870311028
253,41.10743002508816
8777,71.46067297299871
3361,27.80030823787085
1162,24.83880986116361
7794,38.81093232294654
8458,27.74501720315491
9382,97.89915770146034
41,29.172031597965457
11886,32.84696774562924
11499,29.398687574492946
11690,43.79861651465565
573,96.07117106992102
5231,24.73760036546318
2806,23.535384978331017
2958,34.45288041413913
1535,46.07592793432096
4852,36.861706675759294
7574,39.74666256701314
1296,16.250041472307352
745,27.96957459703397
10139,87.2252197946774
1242,48.64894662788644
2295,27.263852036302694
3636,31.00357894266331
4737,36.11058333169375
482,29.935143776061103
8346,18.113898327079824
1244,57.3362932392192
3665,47.62588894186342
1166,34.76944282777336
7371,279.2204602674221
4685,18.590015948769704
999,23.670333997499448
7246,37.88827434655366
751,225.7566104719578
2622,17.418084659593994
6300,21.815995273237256
1311,50.160332225042794
10939,46.67150425199806
7846,26.156800801649588
5128,409.33087819046443
3670,43.315690159241285
7331,73.89876494223788
9651,50.50046151457238
9719,21.27229695661049
5567,147.26169276571164
9613,409.8278986265352
16,30.50152477527306
5632,54.34227562275419
2513,105.01957258544536
2524,35.74244954028103
610,286.5507386024486
10409,49.52842321149489
1929,67.39541372675275
3006,46.36205593503284
5342,110.26724376125404
6213,7.724137859506122
1560,405.36158716707007
7667,38.15650244733774
8334,267.969507276568
4797,32.77542749848021
2756,53.721064372354505
4606,-0.8597327531395536
10005,203.18154386354533
8871,27.77311975579162
8241,35.538492757060354
10949,92.36581380816153
8817,69.2576910458657
4447,90.87322491772534
4735,25.26457008801507
1277,89.26220433285599
10557,289.7724527014028
10439,234.0090379580079
12021,22.44572319060427
712,25.884841316186858
7528,29.774847373463167
1122,24.824278214308272
11773,12.56351021339605
10293,77.55577393068783
3737,231.05852884938304
1501,18.567992555097305
7274,23.57874545742515
4666,14.038342219212026
10556,404.2600673410351
3805,64.4704747798671
3234,29.8487492560293
7682,107.76125338512844
8869,62.990234420437176
458,35.39431191136545
1307,85.88848342908602
6477,117.40783814280294
10546,28.309575957359776
4560,43.36225428997673
8189,34.384796103184684
10118,25.196649753256033
3054,72.87836828390076
3835,50.96501652739503
3398,30.73446242328862
7521,42.34036943780251
10002,32.67733293440564
4926,37.21750930417498
279,27.530982182558027
1614,20.160637850207635
7163,7.683993749593057
1740,27.80890004720706
5449,26.3097051644315
2739,34.91534220925645
9653,27.946851095855855
11507,70.85352357930975
11215,114.63118940123255
1860,72.87680791028518
10085,51.36321605545617
11509,35.994164707889155
8841,61.47437890507216
12047,103.2360254335683
7330,8.26059406107428
11939,78.62868633382415
8947,69.41308603129707
5623,83.671249539422
3438,-24.486875584580503
2142,14.115170240093924
5371,33.0436555992643
6383,20.335504081910166
8402,29.49857974139629
2770,22.86800068288126
2211,96.16967209114749
4076,8.22218770307152
10798,33.631913183348544
8748,61.05978226430913
12200,405.33297974417144
6284,89.08714345367176
4838,102.21255697745727
11060,53.47386161356391
3713,311.6143019829029
4526,13.733608775268763
10528,19.767225418410753
12097,66.6592581908873
8169,55.16242808862067
597,24.20028895770676
2352,137.37574583212034
6756,13.023507133090611
1512,245.94415061522378
7409,18.354719346825433
6797,24.8394526569474
10527,20.00523488328445
11232,56.18364754307268
7966,26.156800801649588
8580,35.36355438044387
11844,371.175727964668
6214,73.36230874066972
7306,26.210625818572183
1442,29.661550020152305
6629,111.14786747441677
7215,78.82701209419761
1884,10.433582638088438
5704,409.5991062912485
5741,48.35463670829975
3486,24.01097599537696
6957,24.58205290574398
9283,18.793842299145133
2932,465.7597486145129
4750,11.440728808519012
6492,28.623420104178805
9313,54.07996007540612
8223,103.82192558216174
6893,20.723699614601784
8514,410.94024679516883
3115,39.11953684817545
2247,30.467122741095153
12260,23.932060856922682
3147,25.19227635676227
2720,25.762049315136593
6263,104.89914069099225
11002,164.64944673850925
4664,24.172122196208456
4048,46.95482132078841
11087,43.23043747539885
6364,116.31609344986191
2782,47.991572299316935
5903,35.97347013765777
11622,57.3125214025854
3377,95.76004158388552
5739,49.33271280323733
6951,30.243601377320417
3821,16.81671630978589
5801,25.56268486129803
5021,8.80531954573405
12080,55.42110057932652
11754,73.46068202983926
11231,62.381892470296826
12215,50.79275696965648
3106,69.43963038643436
9442,95.63869673376131
2572,8.982001862481894
4241,35.842355230909675
8217,93.9253462636484
2291,23.113961383265433
4496,98.04169749981756
9399,37.92675151873448
8487,16.467196403928547
9734,62.16060339967715
8319,53.11084133366766
4567,26.723786600913307
8940,53.38837927976105
6075,136.7131349053789
5110,35.28794629527441
6763,73.6305368414538
6539,50.79477143415907
7204,25.287293589193183
8021,26.254729309335758
10581,128.03094416074458
3910,19.908639345161504
2444,34.62961676694108
6496,16.573504380617443
1796,66.68566845614947
6318,34.29064197730756
8064,25.44659699055176
419,43.32199824894052
2769,25.439329176406567
1831,163.56886451465792
6681,21.249779849081897
7688,114.84541995507567
5024,-2.8354762207775934
8926,503.5588015468112
9038,22.856423659472007
6863,9.563328206991912
576,94.89664642948651
9993,78.98049023467371
5647,26.403876699234516
11001,17.694848842685815
6911,28.378058254474446
5112,28.955439550853917
2521,44.38999153264733
4171,466.29620481608094
1951,100.6031883727528
6019,137.5703884641315
10585,80.16815259811801
6073,287.89485599591427
5496,17.621400612138125
9667,32.042283443277
12135,13.315516535578553
6172,83.93947764020609
2540,48.82016471708891
213,21.269626860445044
11683,80.97283690047024
11822,19.97760864932757
12246,141.9356235454497
5087,15.61832317880907
9962,38.38481017791818
5826,65.41453179992833
8366,42.20759391766307
1259,26.78679408641475
6527,37.00163718595714
12174,34.537741363106406
1498,16.563290679712722
5740,47.261217844164705
2163,32.413045271819016
7734,34.952720057521404
10900,225.93168819191555
5733,407.50741197334276
241,27.427878396210595
9131,25.69933167200861
8685,10.368012509344148
1809,32.31975554765141
1062,73.80058051971073
8935,64.68158681936636
5656,23.319053047767483
4820,30.35615346001495
3285,35.857282586704684
8094,52.30377795832305
7420,23.454383667891463
10654,86.08530244647872
11039,30.50843891948582
109,36.251517550872244
1537,55.20017825899768
11065,1.6223071015496302
11391,34.388133950865466
211,39.475219922585794
9948,54.470673076794405
8299,35.220948158305475
9845,71.68288916125404
6580,60.40146650193584
1972,91.64221790009726
10051,30.03503594296445
3949,77.694150818063
1565,35.74286800940659
7979,22.130954336302707
9508,1.3540790007655517
6339,18.890374887442057
1065,51.19916970988715
2079,589.3534642874225
12220,33.48201723675788
1219,68.24193576358977
1417,4.237212656290318
2298,79.80922993803729
8660,45.02370213823043
980,5.918350308966055
5373,33.0436555992643
4149,80.43841794110249
3785,27.591478388766987
5171,13.63363391672528
8880,750.6374600133214
4733,28.342090098216723
8142,62.00645160050188
3508,17.856741089033974
10161,409.55967052575113
12078,75.23777181070281
3043,58.37750125646834
3334,45.1876666390727
957,28.5706856109258
6743,31.347126796129572
4986,24.570401265792157
6776,-22.607972739763
11441,35.8486892713661
7292,55.14695992510642
3705,16.155090573869785
1076,63.53693509443978
8326,24.81370953991531
4300,51.24255447348842
11135,16.083272643830924
8611,8.774900983602542
3514,15.622554078514376
2676,12.43657325570799
5780,25.00582846624726
3988,27.72801607686501
7432,47.30985637957538
3745,101.67610077588911
5162,21.340015556540273
2506,12.292493412804887
10739,416.2754594087895
3784,9.292095023817375
790,29.34578776524708
148,16.996450969037326
1321,19.384262613300812
432,39.95214629458199
7091,37.88827434655366
1060,29.04489420415114
3121,33.124439850003654
12161,64.84150003970964
5328,61.694977111979924
4036,247.28529111914418
1315,29.709635548992985
1706,115.35890863098055
4455,51.24255447348842
3529,21.851370243358403
7479,15.37948272313242
3182,67.89802333567641
2949,39.176211094627696
3057,35.21133743573449
4410,76.02998112604884
5095,35.21441219328338
2203,74.06880862049482
2865,19.24597287417786
11202,31.55550164884795
3612,36.88655842925631
6651,69.80946663380945
8643,37.62129365827897
1731,74.31497682120118
160,40.757956427585974
1341,15.16338921845496
2985,30.834434198036114
11396,26.697275912519224
11811,89.32491161825146
5104,85.07939498840477
10430,18.182872985321914
11072,104.13467886942598
7441,9.83155630777599
3408,39.478586812378495
1615,22.562753591503984
9781,28.84769972606945
2099,30.836266099584357
8130,27.774787322933136
4084,29.091774334652136
9135,27.506947276363668
9310,79.03927475036826
3648,34.7211085149232
10954,29.91048025392798
1087,36.109151775898596
4865,499.1642908830671
1236,19.103955042809268
8295,48.604161810005834
6146,27.551015666648198
7435,32.022544578644066
3517,230.309982428899
10285,26.251281292903997
2810,28.55531813308398
6551,26.045360868188887
2367,38.85130874739137
4841,62.8039901138778
1134,59.05594249187702
6985,16.260995046366553
4395,228.09634548119757
1012,29.96498333558354
5359,26.448178465868082
6886,34.636772721702656
3088,23.57735402041086
10963,56.503568592541065
7849,9.12351773744868
2595,45.82810557170709
11702,94.36019022791835
10902,73.41378169291393
12084,235.0819503611442
10175,122.22523339944209
7465,28.783013453305955
7381,369.0299031583954
1685,26.73272149351225
8357,127.22625985839232
840,20.896464449584364
9830,41.128034177770886
10734,26.71704936243595
6519,63.97697718304651
10853,27.976737768354738
9314,50.648075695582776
3895,105.55602878701352
8378,148.60283326963201
4519,34.38055112206959
7419,49.66147193851469
8811,33.92078078562585
6895,14.566169546731857
3007,24.556438167738804
200,86.00323843621456
6536,296.4945507516336
4408,93.22464382670461
10389,55.19839108143674
1568,45.115393037892076
1712,46.1806110008111
7923,44.971622894681204
381,32.188900280519874
3971,34.11232302128552
11967,83.62519915764196
4760,47.78997960551557
2010,51.891997930527424
3608,64.34161939679201
9883,48.67463194926572
5853,35.8153787905823
9869,108.77476599642246
6512,88.71259934446776
11348,24.264476206624956
1827,30.433815475432823
3189,53.28909989082423
9395,53.647297535235815
9020,24.928421652471954
10270,20.49974349214653
7395,23.972749818243983
5124,259.5215513894308
376,39.49889036376753
9071,181.99150734613139
568,9.016603859167937
7004,9.610003848086286
7249,21.518007949865975
4317,49.72185903102275
4387,22.93611283442676
9598,31.268472180584126
1344,28.653911422644462
76,27.262483236013118
378,41.20548569079608
9414,23.26770309710797
10257,27.775175377147747
4988,15.321044077177454
9588,-20.998604135058528
9003,25.653114631308647
3857,92.95641572592052
10975,35.72593660710508
794,14.236184654205701
1645,95.63321588957933
7998,90.46724307392653
10061,30.750817346495715
8573,27.724276915140543
9423,24.383429759777385
8490,-22.07282267752379
8690,118.84587394117358
7945,256.5069687851314
12208,113.83014848225756
8092,42.60859753858658
2019,26.20834358478205
6123,63.34044631544596
5525,138.32195837277072
748,41.793642801547804
5165,30.07619532734285
4170,23.240912401823586
4091,27.371811560915248
10000,40.72073039841149
588,47.975279504718614
5473,96.0215609959718
10763,27.621097396843787
10135,17.003652605496704
8784,47.3405006412722
1022,8.724894250044208
1,23.00072159385499
586,49.21809734676074
11416,70.81617144373931
4953,138.05373027198664
4314,295.42163834849725
916,66.58714991904986
6327,20.455471513817706
5387,27.82413658139837
5586,67.8037174265926
4659,24.766622333149748
3357,-1.864658208643391
1934,50.3407921138452
5699,24.302996455379244
5091,53.70798380634154
11520,139.38775114077248
4151,53.03540116413595
12,53.38004243041824
5438,499.4325189838512
7064,77.96636234723195
4646,41.98683552937554
696,42.916339458813525
6216,83.24492270129119
7383,73.11314851096189
3603,61.988849120699186
8358,126.1983300647689
7210,368.76167505761134
11563,43.14295835993663
8543,49.56289324451397
8707,60.594994365314044
8420,24.50920601981214
1789,89.53208441380494
290,32.286983278088336
3123,26.75324550850872
10467,29.971982717917662
4109,24.201144163895023
4808,136.16901393136357
2377,19.372183143593347
7687,27.3381011630349
9340,15.215456468959673
9857,18.451101086105993
10309,121.06586605297932
4221,109.34592011182303
12042,32.90523396210456
4470,92.71513030323358
3407,13.197152573700606
2714,76.94941538870907
8572,33.778220681933774
2192,22.10837623150332
6440,27.97360672007496
1453,12.124240170564292
3799,120.97683271164036
11752,86.62175864804686
5555,34.710871298583484
11819,35.26037966902659
12160,77.97314182518267
4589,112.24473624374937
6939,54.37654166805633
8686,13.318325514007562
7447,30.701142939356608
5513,35.97075727086147
9141,15.63908194986817
8436,71.85131342513479
1222,61.83115237677388
12077,80.38041525428866
1940,11.75603721123673
9446,50.004213485450215
2616,27.191559875296853
1125,7.149275299935205
12191,33.63542518460203
8032,25.162875470440454
4592,119.81118049238538
2979,81.47085467368605
7389,29.683230602137115
3170,100.37948545844887
5447,48.95901563454495
5228,13.761485244379621
3029,46.30968600208595
4655,29.355176523499473
6805,225.23544703202563
7709,149.97833684491434
1218,68.9031741848662
8532,49.10064612706104
4471,86.54467810079004
2438,50.7154796658173
7286,96.48444647567308
8925,98.99877954450278
11505,34.41795496711029
7055,26.368978871941643
1371,145.6523241610072
1129,36.73839614666525
9960,20.27346298406853
11201,-1.1269445672052854
4133,53.44138810539732
4121,22.813977177698675
6418,37.00163718595714
2097,49.59467804439157
8964,37.58283874236224
9778,42.137147495673815
509,36.53062090945731
5894,110.15060441417528
4950,266.3601386718635
1528,23.549318815281943
10241,27.51478539265331
2590,52.16022603131151
793,14.69021080281967
1064,40.047412190456015
377,23.28601319053503
3739,105.55602878701352
8214,503.2905734460272
10216,409.38500867883124
8429,98.17409449094222
4388,36.94928120339091
12037,50.6537055475781
8218,107.70185359328615
10945,21.909266989036112
8148,45.46151496551391
2695,116.90936816818284
3704,16.111561291304348
7078,88.98082744525183
5033,22.505833054288836
5693,17.027099540702707
2270,29.37720582336945
8105,468.17380152156954
5451,25.50890466662073
12058,36.85689294561452
8457,30.105787992138552
8715,77.8019421313942
5767,29.068246068679393
10328,109.66156859696717
5723,28.87854629978488
6866,22.118651400352327
5816,68.13389043589852
97,-1.599743950388671
8210,63.32670401866841
7918,-22.341050778307874
6954,39.520642858126095
35,13.77519472754205
4941,23.204340935210837
5868,36.73340908517305
3554,41.45037932780738
7828,68.87662982972891
445,36.08789540446361
9121,33.45194864577657
1710,46.55297653872711
2069,25.650874197776993
6728,44.072363225564175
3290,366.88407835212274
3284,35.02021951974619
4247,38.177525069146014
8510,25.644136959299637
4559,67.92829042297025
4034,240.7326621682388
4909,61.11263771494863
6607,52.30615703131542
2433,42.876658941683644
9228,38.34277768987752
3773,36.57164033037051
398,21.84897855005778
6109,27.64408910516019
5884,48.326435807083726
2653,30.196474212486045
11654,22.270159025469873
10164,280.29337267055837
1061,17.24887544484931
3425,52.9032995039893
8330,283.8520052674522
7513,119.992953649843
803,105.96775038843437
166,263.0085166996238
3248,14.85058887674412
2224,36.350102227688154
4017,31.505186258049484
6369,65.289643057889
9503,52.30713002728193
1421,94.68712918074921
4274,15.500591977481129
10083,97.1059839440156
8277,102.34231268962432
897,5.578313053233494
5459,28.09891262264859
8868,63.23213143500517
3531,14.651626441662081
1675,68.85390397958459
248,410.72614918275167
5064,31.539146725640855
12057,36.26239280867324
4912,54.09378419317646
4892,148.91830678072694
1042,23.951618417146946
5790,14.574798420780184
1308,35.89159071608711
10948,112.56465732123198
1576,6.881047199151126
7711,102.07408458884025
3944,74.07396419272091
10338,41.98085774502013
9876,65.48627112171859
1841,194.790887558146
8344,14.742132139910531
5582,13.337859763471123
11156,43.54873442158346
11522,83.750836331721
11855,28.645652730179435
246,18.03401935298011
10381,26.600926693458455
1653,63.2687069936557
7747,26.15082860871822
1739,21.407950663365227
12014,51.2769449157086
192,28.913880830963514
6686,71.71648886521446
2713,70.96732370468926
5369,16.95977487622202
12108,30.252228271798934
1142,30.198894640311075
7247,37.93461907889561
10172,114.65878915080609
6481,136.9736982337158
2858,3.923884169140159
8973,49.83112134529806
7768,136.85654402357525
5503,25.077916205581907
519,50.5266362114877
94,21.97796237292333
10026,149.67574567276836
7856,113.02182079652808
12258,40.34867198595231
3506,-9.411864101036173
5661,17.88170338474562
5773,27.14801855980813
8753,29.433505186102842
7238,88.98082744525183
8399,72.5211731675667
3258,135.3719944014585
10552,751.1739162148896
2853,23.032544083495054
8996,40.40749925270569
2545,-2.1328863094274624
7815,103.55369748137767
11944,127.73773845698773
9802,29.85120342556351
738,97.24806533846578
1225,44.12176343186326
6529,27.56994726395815
10878,62.42883150046123
5198,11.70895690930309
1579,19.43637039251154
1743,29.292599084526223
5303,39.8350329387475
3941,5.57835316021071
9783,17.870363651071024
5675,1.9876568568187025
6836,21.59449813473455
6841,-7.8024954963317015
7643,49.84339139323055
5819,70.15891327533357
3545,24.10890450306313
11946,71.08439954452338
5263,115.77963724829377
1314,42.60843084089957
341,18.486571430395216
5786,18.62214678665798
5311,32.822472382722985
74,38.13574453304669
7905,74.16699304302196
5074,34.87984728587887
30,26.38680272530069
292,27.45333748137017
1231,11.728491158766651
4740,22.38782644492656
8416,26.548184993707473
6891,10.251070794028209
3728,14.207883532492794
2694,258.44863898629444
12068,31.042873790807313
604,52.966363782875604
7191,137.24959110694704
9204,25.654965308880293
6997,49.235257546567894
7241,71.3172270919229
11401,28.244965869138817
1120,34.85581237968451
9033,33.14698332111091
5264,67.86566233511444
3900,101.67610077588911
2647,-4.590688351993336
6788,32.84632676196988
7968,24.24097791902806
10988,83.48260823093693
9561,19.869893180959366
5227,19.91901531224955
348,95.23541144242702
6138,57.90085265951748
10374,21.372810787467955
10420,46.161413177765354
4356,59.32855409879953
12086,95.80294296913694
255,52.55145001264627
5540,22.12215185947207
11950,66.01227063246037
5994,28.118750559192776
4215,23.50756067079685
11997,42.94183179802606
770,81.81458002654097
7053,47.84435520364691
2446,20.048965887699026
7434,31.227181712236792
7454,29.773847014874747
2665,67.12360612061802
6258,248.3582035222805
5713,112.78119244531753
9079,79.89992449733393
4566,31.773414358833563
12090,87.67160450585381
3208,36.41282500182275
993,47.45511609774878
2995,42.968002089711135
11246,37.59928833147853
1842,175.72370632521444
9813,38.1192949439304
11815,32.07315648293636
9642,50.367577546866215
5182,231.11466673125122
6508,106.8971692909339
10275,-5.388036894274549
9461,64.43458775053044
10768,59.760055972327024
5532,76.566437327617
5572,88.1761431428996
4439,15.052815976393376
7564,9.83155630777599
7862,94.54474656799682
891,10.609454226033904
5493,41.123953277895424
4397,281.9744085619636
1217,61.46284960995741
9160,25.327113440912264
10554,284.6566895698044
653,68.76212439241236
1549,11.75603721123673
8915,42.47582201844715
6505,232.39966935330344
3330,61.999305811525566
2081,407.989737686544
12104,40.30232725361037
4472,8.537091444949972
5990,50.52654333337499
8526,369.5663593599635
5738,37.88869281567922
2711,47.51564713224206
5724,30.44828231641435
9473,17.466868883450083
3134,10.613116130494461
600,20.12139509902535
2326,79.45918671917575
5179,16.427238380866612
6446,44.577370694415606
2525,35.78879427262298
1434,51.35554172895927
6522,46.797035243777174
11045,109.37062198983293
11055,32.955888134073916
5117,42.9374345064336
6148,-2.2990200192094363
9147,22.627747631145283
1089,27.82954847026371
5581,37.129934776543365
6041,41.392181378679496
5617,74.87864849507314
1649,79.09727743718209
5126,407.41384571947856
4238,25.911722264299925
2777,230.0417543281149
8243,29.167298415565426
9997,19.186810730216138
10623,73.59408557070302
6101,78.29055589262946
11810,85.72818703353444
10629,95.66563941185844
186,81.5092931020384
12095,73.73127999897962
9331,65.3181176869669
10048,59.510221264221954
204,276.8999218363303
6556,28.93261889268738
7609,68.97592687382121
1136,46.44883910159518
9933,124.1955699210493
5807,56.99798394043607
8870,53.379069434451736
6739,28.354168391054678
5670,35.482640294067465
1472,19.985391520532133
2975,19.511653947157093
2278,46.717067202379255
9259,26.332698592674376
11515,50.333107513847125
7675,28.899070314781348
11355,22.17749508982019
2108,-1.9326451562758677
1439,23.26011670994732
3814,51.25193586738546
5910,23.553775469637856
3332,59.870336515218774
7414,8.60063131680684
9406,53.93421687522625
10891,32.12119808280897
3047,45.77620470065385
852,96.70055699589716
1252,24.700336559727027
11111,64.30504383814149
1426,81.52542473314938
3878,68.46832612988906
2041,-6.427849764502085
6155,25.47527259057116
11362,26.916881279802013
1108,46.4770400028112
7003,32.61294754736778
6606,61.91732201730086
36,4.434332579030375
11729,30.446936455496136
12070,50.067854313199106
10683,37.56212829371965
6542,28.843168308241204
9635,27.8409684278272
7582,39.42067715450604
6346,28.109830153690368
6742,10.149457306339343
12123,40.5950618421317
5402,39.61185320323628
2746,8.982001862481894
1467,5.310084952449415
1034,17.686464168781953
7495,92.82135853537031
11555,73.46305189819554
6980,35.684531588231096
8002,49.427549111436065
1188,57.841045054900185
11649,38.92126637948634
2443,5.538168943320429
11765,28.35645062484481
11312,128.89665497688696
10570,49.031394077377996
1094,6.829825859637012
8408,28.62392806978451
3804,85.46890097320397
10801,27.961983610044705
7470,14.834397647515935
1885,19.116034512516734
4183,39.298576737179346
9220,42.12672020325256
5362,36.37881143247783
561,70.62190721242344
1918,20.24455515398352
697,17.68875498000807
5584,109.86735072771782
4417,47.03756355867938
318,27.23373211408738
1698,24.556050113524194
1313,32.110414180517616
8479,84.3178351044275
4313,226.2757629638186
10574,40.45250229762742
1058,52.36847570226101
9080,52.813415253800514
952,49.326449943607486
2927,29.331907297255427
5817,100.88541740871015
7814,89.24905554603592
10867,55.49081932243241
2038,17.149856558809915
7275,31.489600378329392
3947,97.77346939903347
10185,27.57274032704312
10766,100.0716919476391
6420,26.9701030205809
1262,-2.6693425109956195
9223,38.25640813796638
8283,92.20090491358177
6550,30.810063327801288
4429,68.73655423067314
2569,24.612153884636122
6160,-0.0550484507873108
10499,156.52792941746287
11871,49.45568118584801
7836,88.1540467054945
2258,33.53870678195847
11140,50.25630076808832
6689,28.693895439044056
8539,26.548184993707473
11494,56.00307538378897
1360,23.81754691606602
10266,26.88342517173581
3932,24.402360187434844
2499,33.36973079466309
1882,25.46750998148876
252,74.84923995739416
2597,42.97336207095353
6056,16.771333888681895
9616,257.5798811882677
79,20.94280558409568
7020,53.857250577516346
10371,46.266199267866156
9179,99.38840930055642
106,53.481878036653455
5501,12.311179343576988
4810,80.53209912231206
9644,233.52871963830793
7773,81.7259882961285
11661,53.007574682693864
469,16.131029135838297
8072,76.7510896283356
1794,68.63494608408212
9178,69.743259040603
7340,10.165680665810278
9777,37.939845724332145
1705,41.89347254533084
6390,33.208252641647206
7140,88.66016820295916
943,178.50454203593836
10539,39.64678412706421
7156,45.02248374795627
8788,38.6929586489059
3039,135.3643296290113
6838,18.086491246041355
4051,26.29850551670475
7867,82.42885146796598
1554,10.44252515930227
258,33.6412346192935
3767,498.62783468149894
4096,33.217729574171244
827,91.37398979931318
11029,42.87473025915255
4336,27.562456421080434
10300,102.76301411419871
5715,368.22521885604317
9469,42.725704111519335
3035,31.970743196127977
2981,37.60083776074051
6443,110.41883251495935
7425,89.62359965523991
4889,177.3330749299189
10615,39.22941485047406
3756,36.32525047419114
8081,71.23182567846989
7229,16.39395648031377
3227,82.06483017230123
9977,63.79491872278941
3460,589.8899204889907
6349,7.701988580466228
8719,49.04433694287363
6194,31.078898695345494
1848,90.93863210053249
7761,283.58377716666814
11251,16.952345984677706
1014,22.357003566472677
1862,49.892104124258715
8806,29.45989106311317
10799,25.338335553551424
7266,28.301111649223508
6890,28.514785352521876
4282,501.4129767405386
7877,48.2421584787638
6121,102.74901317902543
8004,47.578084480359465
10263,15.90731005065225
5462,-2.8354762207775934
5996,26.533416860682664
8787,41.801817856016235
2150,46.96911406609252
5220,33.83208841935041
856,81.79365283393346
6190,28.0859402902706
3879,36.93333561745799
6972,26.337482491151384
7753,34.79269518835841
5837,29.70714517575226
10860,56.660125314806265
4259,135.90078583057948
998,28.544900704396007
8272,439.0303872699783
1657,35.81364602612
10169,182.25973544691547
7068,49.57516329244646
5652,20.338669056437418
10580,181.71140818587884
6336,14.843026521564262
2318,62.227302541015014
8894,82.26244449769666
4680,23.83722838584729
6142,50.42953332179338
3790,176.79661872835075
5376,116.8713819412348
5306,40.24912349776401
3083,30.45145264874496
6199,14.538293077620999
61,84.57467627423861
7795,41.93936581687899
8540,24.50920601981214
7379,127.0190582713984
2363,57.31240642603123
7040,48.1872827075745
7410,8.360112149188232
6703,25.62034460008143
3056,44.53402641865107
8860,39.09510600966354
10712,23.661107961824243
3478,50.13113424595973
1096,465.2232924129447
3477,77.21764348949314
830,25.40519086037557
9591,84.9235027311822
8785,47.86994764691349
5315,39.723094588617116
2718,51.34478024004707
9563,20.04898883218955
10479,39.522149438995385
10723,31.637720558694703
7252,68.60840172894484
5209,32.1688520772293
7448,26.441872989516995
892,29.108977722585372
5144,50.935818548311964
1156,74.58320492198526
2422,67.62979523489234
7173,88.30253633614274
4055,24.402360187434844
2601,30.46623432250454
7112,27.06987306225082
3480,46.68659322000434
10691,14.90110383857916
7280,7.187721764915182
1454,38.40567440924218
6265,120.6158647947376
4956,110.34318317206453
1289,50.44725156503323
8461,15.611205480757313
7938,25.375908858515558
8086,61.087690996540836
12196,231.85153889217466
6164,112.11611621684935
7302,47.97393037797972
1550,-10.484776504172487
9544,46.46032738114654
4730,31.540035144231467
1380,44.651210437504545
10817,26.648653179017934
9069,243.1467150752955
449,126.4443462990184
7547,29.683230602137115
6617,749.5645476101851
3643,35.574127130125596
5419,58.653546929951624
5488,52.0566201697377
7736,24.433468672304514
6582,41.08461266912622
531,39.77121514906382
8976,113.45725672076973
8628,69.47503093981891
836,34.09587343216921
2111,55.73663446056584
5752,21.58219519878417
11877,18.67504795342326
9174,54.68613502008017
1306,28.807319370488607
5578,44.488314194525586
730,291.11359320532324
8727,32.779564394719245
10850,26.429047811735146
7486,21.24659474983558
9112,23.15713577715765
1113,23.923429584094677
508,120.35834725142782
2577,145.4023546432961
1984,21.164692550368443
3220,747.9551790054805
11625,47.1683085542289
2185,-8.875002204467577
1487,41.75288568527226
4747,32.40356833929497
8240,28.374631566310384
6070,282.7790928643159
6590,23.897012470736357
7531,33.74470884321536
5660,18.759225163514387
8061,24.790657239344107
4164,28.902460873400024
9577,85.12251940677973
4824,76.89344994409564
9130,35.63178248122796
1285,59.77149721102823
11790,20.832212493370484
6499,72.55549080286202
9108,24.53365125119919
11344,28.483307297424012
7538,71.80441308820946
8561,13.318325514007562
9381,94.69382551150959
10519,49.40884611235808
5109,35.217832234636504
6340,31.974081043808752
3341,9.215317014212715
6274,25.96337172233865
11292,19.709380548543493
3441,85.30149010649029
5136,125.9461458682621
6991,39.15244905372195
6113,97.65763904058238
3025,10.303088015776083
10019,29.78991391143282
9376,156.2597013166788
5640,44.58386448111257
8993,55.11073513993637
11664,96.71160913689762
2023,29.201301989856944
4638,25.846680209651993
8747,70.8782048589018
7692,31.346519529369445
2602,33.57586681971736
9621,115.17121012489775
6650,78.55878399341354
3484,24.622231218418257
3118,35.392268581252665
4476,26.959971145303115
773,72.75997574243432
6458,54.357743786268436
9205,468.7102577231377
9447,48.76316597659391
5782,14.0297133451637
5577,45.73113203656773
10808,26.72629788020579
10434,64.13138832102065
2124,15.782589150657316
4079,20.777510896431934
8147,25.3851573762854
3141,57.87274944078736
4029,406.8773895179104
1372,137.10751773133626
2239,221.90826668015438
10200,32.22202013361548
2789,21.583142142574324
8406,88.42227480627858
7842,-2.7363131719097566
2103,24.0857750168501
10097,46.28727373245086
6628,50.59352177563716
5102,20.978826953983457
8673,37.9881800371823
3615,35.20724075122227
5960,91.67790922007757
2780,70.28936224406483
10101,25.921342732092725
4989,97.12118283901424
1016,27.190649363190843
3623,31.867112137726814
2744,4.7395761817238125
10207,-6.461354992411302
4796,38.4457531699301
2899,78.83844699494072
2088,178.77277013672244
2689,36.95196608885238
4871,37.10809653193867
3482,27.805633896648565
4725,43.14610543274188
5499,21.39010639161942
3242,16.892220242515833
8249,500.7736594877716
4530,36.00047571829115
4546,34.94618409249931
10484,28.455529970704127
1872,58.40827230738123
853,93.80216546783231
8144,49.39934821022004
2155,30.82771157330891
7929,28.33315520561778
7530,39.78887095891018
2497,36.396879415889835
3791,195.86379996128233
1577,9.83136020381454
276,38.535538456076736
563,15.45696688414241
3427,59.93329348396306
7094,13.124806167143056
5188,46.99298974338063
1278,87.27428114982465
9302,48.72671380927872
9111,13.58655361479164
9519,25.313890322164376
4440,96.85295473823015
425,36.309437692916006
4676,6.897304278113992
10845,27.71713144177461
4198,25.897190617444586
6180,53.76959463601598
7598,48.50788074130547
4227,26.691743044519036
1656,51.61965320866153
3659,37.54308044901748
8405,94.59272700872212
9124,29.785864467971955
8027,30.24024182797259
10445,86.5986921027175
8011,10.099784408560069
3668,31.102662298820192
8718,61.301965368508355
5092,82.70846649972303
8738,15.344447796341761
5190,46.236943976439065
3985,17.95454086116215
3996,21.326532024452526
4422,200.23103475492047
3237,39.888765309938364
369,68.63326900933727
1276,120.17214840928811
5485,40.548156467558066
7780,25.55552168997726
10399,33.3160205962874
5497,6.879309447240821
2375,45.043077521648776
10643,25.18811406212962
8743,314.0283548899596
9592,88.52022731589923
10983,35.72593660710508
8103,9.780334968261876
4515,31.270918624856776
1701,6.881047199151126
4111,18.759376571918267
1443,42.43803967483994
4938,31.050776052913378
5224,9.446386491675973
4256,32.50719939769614
4192,34.34339108431071
7689,50.03192803768126
10669,49.58329898268419
10716,88.7884554166833
8314,31.75782847911347
5643,34.91700732363775
8360,79.36346829576577
10700,75.50813354694235
1181,31.43428699455982
6323,28.246557251737798
2293,25.8870587421668
3251,19.216107071938453
7670,14.410772166607437
11496,50.38547744679402
6753,29.069156580785403
8224,71.19244487221462
10369,34.05317140744506
3218,25.090838747950833
11445,31.560827307625665
11150,127.5394705686893
3826,11.506495041224753
5730,-0.32327655157139645
9499,59.77844936500604
8228,69.90440566555841
5345,44.04091449284745
8044,15.102625748300014
10619,112.28140363477453
6562,438.22570296762603
8089,46.21653932404969
8152,39.68890525529011
9928,103.8664507686419
5294,223.24940718407476
2906,36.64560797746675
11305,258.11633738983585
9288,15.61267589712584
11620,72.7526924129654
8176,32.51133629393517
1486,66.31892181826578
6977,23.460738848062874
2759,16.050817251441394
7801,28.448773407512427
11623,55.007129278362555
3309,24.580995101390705
5097,31.26938661562236
7516,66.21921610228057
9565,14.717749165674618
8863,32.02605657989755
9345,22.59092035300229
8921,28.985229609080584
5010,76.23744157455766
4383,11.774723142008831
10251,12.480087661021308
3619,28.634232772615945
9273,31.56409345818416
6413,33.35892858429114
7949,181.45505114456324
10628,52.57535812806601
4370,33.34335145281693
9175,117.65723395378231
6197,17.992296475470816
1673,221.3718104785862
7744,23.57874545742515
9107,27.15729930769247
6202,18.171392126701
1281,67.36156713410826
11288,31.90594865947878
7628,48.112583304430984
10375,40.49358955764235
9870,141.13093924309743
10045,69.68131413208116
501,42.2009465809072
10981,11.344116751735562
9377,151.06413158699957
11273,12.043277371298828
6254,278.68400406585397
6592,18.15785681370628
10320,31.58474188124081
8195,70.60997675811772
5463,437.79026704338435
9610,261.93560429648744
9530,97.82558697959348
8167,61.03373726772428
11731,31.82372974963203
4897,95.75333289518771
5009,109.59912262693373
2344,50.86122286599718
9871,86.86692020350156
7336,36.287324596419694
7333,83.78137890285934
1490,40.31927577887374
1495,14.881274734430079
5,71.02245463600154
6474,64.10489924650356
6604,62.15921903186886
6004,67.91655054194531
12255,49.47931625161796
6185,47.43747417641156
4835,106.09248498858167
8534,30.219686803705272
9980,284.9249176705885
1893,16.67888436982568
10126,84.85429130599566
689,104.48813749589695
4529,17.366707824348765
4921,6.611081346456743
7368,414.666090804085
5310,34.87984728587887
375,54.44960276459568
2874,5.345970837588617
1180,115.26201333653032
12190,25.724570263697778
4859,27.557929810860955
2582,97.23701319746533
7350,44.70339479389712
2965,7.685731501503362
1540,14.520618177657774
3089,10.897089170813075
1201,75.55230944017525
10282,25.595341541696342
8275,155.72324511511061
2573,10.130333089490335
12193,21.775218284723174
4052,24.890459319202336
2640,25.253671813956366
2007,29.283241056878637
986,229.50529812654676
9372,-0.9578795152890507
7056,47.65380140614241
6277,25.47527259057116
7079,103.28546938059358
11680,127.80769866947337
8842,70.5803043435172
10487,164.32886677078523
732,139.93187211478784
8962,-2.1998569703415995
11768,34.757883935049804
10028,108.77476599642246
7205,47.690253573457596
2644,12.598092920854043
2552,23.865903985866687
2230,28.09777657104779
4064,70.82581844563299
8098,30.780057578888574
5995,37.64455273350683
3143,26.777610055272383
9683,28.043403477931825
4785,53.5530594839162
2828,7.182536893487459
9025,9.065278363426515
2973,31.528017691134274
8876,28.95447529168178
11692,27.7891384752011
3187,50.69678842661095
551,53.05213162439229
9737,47.289451727186005
5425,37.129934776543365
1409,20.628236348800286
10771,19.08049589098711
2053,0.3782882521142312
2449,10.970038839656596
4199,14.91985454244616
10680,31.178700395274866
7304,32.612059128777176
2469,159.7934882844011
11734,28.157553598411944
9555,42.69732402178744
8867,76.3637732204782
965,46.34415603510503
6801,410.1355624928167
10955,-1.3951726679893568
4445,138.1804301344726
1881,19.51250968613087
6793,19.245571687553507
2241,69.39036018115274
370,83.39832470827005
2763,6.214287342915604
283,28.8559258965737
1241,497.8231503791467
2073,17.09974688128088
711,44.44864302326769
1806,10.44252515930227
7653,89.24905554603592
3270,15.699845420023117
11905,12.665123701084916
10354,34.81762124635168
6667,106.8971692909339
1451,15.57824356841411
9641,99.80346384685501
10154,20.5867121914739
12102,54.99774788446552
11390,27.390859405617398
2866,24.488074618715103
3689,58.88791246145165
7601,27.521090869004396
6329,25.571306635501983
9728,99.92486550212459
8323,32.66014465761785
11046,61.62794285176446
8318,62.963903334221094
9167,55.85544101245403
8155,91.02467330424113
4994,138.44865823525666
4178,37.811308549801566
8441,55.68341612667458
8478,55.31735241104601
2342,70.67789409737347
8131,34.01293694399945
649,91.34244921079994
3738,146.4570084633594
7602,24.35845977199009
7922,69.53765902767472
737,114.09837658304164
2772,9.581772269240624
3976,16.919384072334502
3493,56.273090662134
4597,47.2230494215725
2864,23.763771318483748
7267,-3.004541272693828
103,60.131783603536306
161,35.3846220452436
4113,17.817462484305743
4461,75.96921347377358
6303,24.580473073933163
8261,31.614747630153524
11061,12.779060334010396
11172,94.09196212713428
11107,27.760197213422693
8470,19.222843888666013
5213,28.899101324052197
10194,59.22359977075887
2727,46.88061223667319
3328,87.10323073976329
6008,28.36714072343267
1682,29.930666539526996
4110,13.225029042811464
11521,96.80026934800426
4264,46.50321469972651
3904,44.926447734215486
8102,34.01293694399945
11189,60.3149055665742
3640,39.444439195411775
6597,12.847635545145145
2196,22.764315982710976
3086,25.261771075077853
9551,37.062832129910376
6892,29.099705931981703
8557,24.26542315041511
3882,46.68659322000434
2553,21.43292065115252
3931,24.27920409616104
3272,23.409696883704633
6100,62.82521914582596
3152,28.728825515881674
6269,32.71386280507291
6001,30.54183522701721
5276,79.91135939807704
527,84.56474161428207
1933,45.613680816868026
3340,15.561517385696014
10508,93.01739774383309
11408,33.60477191748048
7590,28.301111649223508
9100,50.9420814079418
12166,55.27535737914664
10334,34.05317140744506
10711,17.54010880706486
5524,136.44490680459484
4996,91.14145301850941
8875,37.58012587556594
927,11.900117054139834
5324,30.718346327289844
1546,15.40421023820057
2064,33.94680579135401
9327,64.94981492015043
7082,71.3172270919229
6166,75.14687659585722
5166,20.789813832382315
3908,36.32525047419114
9729,72.3047380816062
11203,38.655751145498556
8317,21.871926981571036
8982,95.08120276956498
7075,107.16539739171799
2338,14.24813167404114
1337,46.517248175257194
3660,42.96638494846715
8446,45.65564307879431
11301,593.6451138999678
7265,-1.7625638176412792
121,88.56636029859779
6842,8.332403216022762
9823,32.10054965975232
12109,37.41608946254891
7508,98.58646172900755
9087,32.05765092111882
8180,40.05512177463457
3191,59.21295660973347
10015,37.12492420564019
9467,49.368874227845126
4008,81.97299362255734
2355,86.8350026389792
2980,37.27485234823341
1447,7.467176298498558
2292,11.302923321724883
8755,29.69633250731512
10946,41.03004575921051
6308,25.450045006983522
9231,24.997448723336404
5127,413.59317840094866
3937,-1.127960853923625
12088,109.5794502987747
4014,34.75149009370625
1529,28.30245751014172
3688,52.247881972811875
5569,106.36071308936576
22,39.19220734706671
8797,29.435526516349505
11213,50.90403374843437
7284,97.63763828937408
9405,33.196600859186006
8807,38.98569323742723
5384,59.450413659604656
9268,61.570193469292434
9379,103.32999456707374
7417,13.393034267927135
589,43.679414561504785
8156,60.326766264529965
10782,10.209999921511312
3841,26.540422384625074
8652,34.28116504478352
6567,101.5376283872721
2198,90.40730562831361
10634,-0.15319521293680793
5002,45.46290393578364
4727,31.63911850038835
6609,34.25623898679025
3540,28.823546233868058
10784,14.712670075215186
4069,45.70048777487091
11430,40.64175184023341
2035,26.923331774512775
1511,222.55316602418483
47,14.236184654205701
6518,69.09972136320619
5008,20.44509554672966
5663,-4.818481159797614
7555,40.79600699175343
10522,36.02563246065772
3906,50.97432637270434
8435,96.56952774244743
5624,95.22838723852705
525,63.72163083083542
702,71.09770745118821
2425,60.28162232638031
3933,21.96937685272068
11450,37.830356394503724
2110,46.612384135889116
3331,69.43963038643436
222,14.236184654205701
7981,18.622947447609512
11548,141.6673954446656
3707,62.76375874258317
575,87.93983260663788
6224,2.255884957602781
11145,34.69811596317798
10503,139.44798516962004
4179,31.37089039960427
9539,33.03843446785574
9303,42.96804526891506
10923,25.80213302568864
2036,29.37720582336945
9222,32.03186601458903
9419,25.350165741483465
8491,86.68876359310924
6407,29.146774400568958
11816,38.50668350468335
6790,43.74211880878583
6521,46.267588238135886
7578,51.743271390568594
5619,93.47183416486051
11436,73.682009793698
2115,24.998245723105043
10702,85.39074750756382
3111,57.58063452681531
10796,48.91922498427985
7443,22.352451474805413
902,59.12860918161083
7873,44.60881942713233
3050,27.014051499474334
11978,46.633070742934905
4344,100.46471598413578
3313,66.7374215013749
11239,34.48965583426572
7262,9.878231948870365
2039,16.27233478004115
4816,27.555908480614292
2149,17.885845477274934
10610,72.6583675958433
6427,44.307525452387544
9045,45.50807909624936
6341,26.097443223419575
3375,145.67058274408015
2383,48.91717472867052
3654,14.651626441662081
8347,48.91516026416792
5939,41.35867666421059
9805,90.404390744774
63,57.56101283216313
1057,90.13907752752952
1778,60.107966809259466
6802,414.3978627033009
596,49.87118333576219
2881,29.5813504057193
7289,84.47593384177424
7850,31.75782847911347
2164,22.48059446259967
2459,20.61628882362247
483,33.17346206288863
11017,94.09196212713428
558,36.75748371938889
11025,61.33582793779241
2205,40.3156402912401
304,11.742414606816794
4360,61.086306628732544
9054,18.63646814540718
11994,25.87479175511958
3414,11.499011956265676
1004,19.70459849329562
10778,9.969480753892704
4449,101.94432887667318
12134,54.01031781513207
11337,74.31278375582602
3710,116.06669763888256
5030,24.815660297729195
5680,85.34762308918884
4261,80.26387102152799
12048,71.12175168009384
10012,71.687063339298
906,15.384105974970389
324,28.781422070706974
2760,47.51564713224206
4943,228.26549022582478
9749,31.11598787738356
2507,14.24813167404114
9880,65.85457388853506
4286,138.1804301344726
8329,22.334771721925677
2803,22.29998373351458
6385,35.416303487447024
9789,119.65055824352581
8665,33.417631849720024
5957,92.85243386051208
1428,68.36434811494176
1095,22.16799999868727
1427,93.08256243225442
1858,67.09333903332418
10498,198.81430906990718
5005,36.815361943417344
6669,91.94613732086165
5437,283.0637732922555
5681,82.77767792490957
3306,26.302948601239798
6200,40.81972731629889
6014,196.93671236441864
8636,55.181225970408576
4160,35.475468852006344
4125,34.29143792035245
3090,11.31284354679378
2358,61.73107771074149
7986,8.868859417590919
11869,50.211726952789576
9875,72.26535727535094
2961,22.04693961471154
6554,68.18477864272938
7603,30.759409155831925
7919,86.42053549232516
7500,76.48286152755152
2253,24.191657684878756
8946,78.1150382800462
3617,36.913836078250824
9846,61.86446656666136
1688,28.276672603611928
2177,23.396459861542787
212,51.955360123517025
11535,17.963076943469893
5788,24.708578397776613
833,25.618830641382722
12221,35.23457216474614
1702,9.83136020381454
10582,127.00301436712112
10728,19.441152447759414
2072,12.168345154923912
4320,27.77025590510489
10524,43.26977808416805
1368,500.3400643374023
7969,0.7496358515649177
5017,67.75720978601049
3159,49.71866820258681
5523,266.6283667726476
10296,54.95436312086425
8116,41.17617344266789
1776,75.28408133939116
266,18.494543237338846
11641,24.11723163179653
2404,-4.176616724697993
9999,26.896662193897654
5620,98.57815370138572
3812,46.458337003733206
8353,33.35697545925759
6671,103.0172412798095
1274,89.25039580495691
5589,57.63262455873341
11347,28.230211710828783
835,26.995623935518616
6231,86.64263061041068
7510,70.9635975776858
197,2.895460657837546
10676,30.231765096543228
9916,53.20563351277983
1400,25.13696275959149
4340,177.06484682913484
2328,58.109273155684264
705,91.97882637002061
6212,-4.550253059013528
10425,43.23627336969914
12022,150.78899583212058
11564,40.034099152826286
7583,148.74419130317446
2335,26.745823398690256
2745,10.151611436008402
4153,118.38358504513853
7975,17.739355387066716
7103,296.7627788524177
6824,30.984738517982507
6055,37.769187421575666
9186,67.0239004046328
10584,64.70281585131451
1838,-2.937570611779705
1388,74.35984486906911
10361,45.916894057092016
11142,40.988958499195576
95,21.100440594154563
9378,102.8787688911925
3163,21.269384372269407
10660,97.64244014558375
2330,45.698530397374284
1802,38.314852545823214
6012,437.95747486684195
2218,63.805163195223855
7152,48.06770560843768
9863,51.18453189715093
4295,60.40679271678693
6090,38.57490559213886
11012,95.26648676756878
2940,88.73067856657364
11424,62.69705960124531
7148,69.77562004116497
7043,33.84833990161653
503,36.53062090945731
7771,111.68432367598493
5967,68.8314932624221
8566,20.836354585899798
1239,294.3487259453609
7698,51.86449300885944
1521,76.14473108635683
5291,23.777368603391743
10349,38.61100579066161
5039,6.1148093617788675
10854,26.1317977432645
7067,53.007047672269806
2025,24.794508094530045
10905,34.58962760901322
1853,87.00605304904057
4625,8.490415803855598
5464,177.7023233080295
1989,8.05867917875495
3783,49.98689630337089
3749,60.13856461600285
9605,20.85494029225798
4252,16.423318674653864
1917,36.42908078586623
5539,38.30667749135479
11263,-2.136200151956828
3211,21.43292065115252
4575,23.766540253811087
11,31.37617644688484
4283,231.32675695016712
4315,282.5273170906874
7062,15.817252137197265
9252,29.314747223995354
456,47.476188554350294
2171,26.953881125709074
7943,410.67201869438486
12178,10.098046656649764
3936,22.363381213539512
2728,81.44336072288522
8345,49.46775728388206
11538,74.96954370991872
3747,62.267533912309645
7806,98.46232334293462
10804,14.391237917143876
8161,-2.7363131719097566
7324,18.686387687097856
1608,23.157253728445276
4375,17.322953875443666
3833,19.726102175298408
5465,196.66848426363455
9478,94.46180246521655
5859,25.801026289583227
8821,29.708281227353062
4927,24.80968810479783
10690,14.985977266458697
10889,40.40080138844385
6286,71.8987308487693
5558,40.84810740603079
6658,27.91231720594427
9655,33.36368508256446
2652,34.141499790147066
1106,30.198894640311075
2560,46.88061223667319
9864,42.02590611029298
10259,11.592211297948602
8512,592.3039733960475
11388,21.304427794498764
11070,157.06438561903101
8837,89.46485250531138
10121,17.7641479850817
9364,167.32405792563503
2327,67.92769575027694
9985,138.85895971165152
4825,71.75080650050978
8087,75.88251756370309
11235,46.9967835827147
3431,30.464702313270124
5543,367.9569907552591
5542,32.0158349553372
5458,10.09677932616961
2664,81.43653742098918
10592,27.57274032704312
7534,467.90557342078546
1873,39.24635657240687
3036,32.56524333306926
5443,27.850522458408697
7763,403.18715493789887
1429,47.33979454369499
5483,74.75440461577372
4913,51.78839206895362
10084,72.38776962670295
7561,33.74470884321536
7838,28.355699969000433
2830,22.748822563383747
5714,104.63091259020817
10609,65.21804302093452
1840,435.8116500605694
4675,23.181288634639635
9458,127.7627160599605
10402,70.04883927695752
7279,49.026437042945815
8740,34.65302420396877
10231,17.602135550286945
4484,7.514149132744208
10290,58.87558064592462
6028,65.54338718300342
5698,20.713817361369934
2098,50.877248315413354
8717,54.66193487986858
9937,88.68763818261291
10505,98.16738580224441
12257,40.30232725361037
706,65.7865915056551
11191,30.839720245316684
557,35.011330362074304
3011,35.30589902934152
4665,31.169396741456517
1410,5.904780528039737
3151,24.435992263484415
6509,139.2533425376089
4385,24.54146000401375
3729,161.16248142831623
8207,163.30830623458885
11934,94.96718334164294
11615,91.83415886315399
5042,74.61042039428906
2801,22.713503558911817
7899,32.059486831210236
10822,36.43646678358019
7584,111.34015616439035
9743,38.425977960631215
7483,28.646286355258525
812,16.824825073664144
3856,109.80672697049638
9103,48.11454068192762
10530,39.17409282647229
8587,11.055755096380445
7934,19.782027889121665
6854,48.89109290986791
11461,18.40681985263918
10745,182.7961916484836
218,13.54187957581123
7940,592.0357452952634
1381,44.12176343186326
10586,71.41883523851392
6948,20.603732182694245
2819,26.83535535934709
5383,69.26883625419732
4123,19.63722614513111
11582,30.80103156703356
11007,51.45275999793502
8977,148.35286375192095
2076,19.104448756665462
9474,99.26700764528687
1431,79.21011425855704
7357,28.0649271048337
639,0.6514890894154206
9633,31.024371106057508
6252,414.12963460251683
2290,42.69977398892706
2129,87.20954674818321
7337,17.565546135257215
4412,47.59016057839351
6408,40.78557969933217
5583,20.71332364751374
694,752.6160769961364
306,28.521815744126847
11319,53.88632765693683
2420,84.93244477163583
9739,55.91130282120679
9456,202.6450876619772
5440,106.68834098199213
8679,41.33246319332159
7559,24.19276442098417
7605,36.71036089514247
5943,60.50289362142648
6401,32.44380280274059
7896,24.391965450903797
269,4.434332579030375
3140,105.61542857885581
1100,69.12213208036867
7852,0.7496358515649177
2128,229.77352622733085
1671,464.95506431216063
1890,20.628236348800286
10641,27.621097396843787
5312,22.65605454571064
8053,-6.192721196626792
11603,180.55181213932786
1625,32.95029741643206
10506,90.00130870687954
11188,73.8623136714871
7041,14.539763493989526
6351,24.641912688199525
3405,16.651155971550423
865,47.60802264447907
1901,285.74903118964164
313,17.793535630189126
5955,232.13144125251935
9769,42.66317640482072
52,96.69057137426944
8661,55.54119356643146
1030,24.019981966170647
2678,12.072391621617577
7036,17.72092989600882
7391,26.499827923906807
6074,266.8965948734317
8919,27.036284125474964
322,10.652497689091092
8765,50.379847594798704
2353,90.0685406153731
9970,27.491969112638614
6668,139.2533425376089
4258,311.88253008368696
11559,61.60405603857649
484,39.86577674267085
10856,26.787737494472154
9509,-0.4214233137208936
11014,141.39916734388152
10221,39.766289521167764
4291,101.94432887667318
2310,30.126305354565027
11921,-4.315124491138235
1804,35.25233807105482
11685,50.44178663098144
1684,46.20881190202712
5078,17.634935925132844
485,39.12441380219918
9221,27.4103948942877
8095,21.1401883842624
6152,36.24169823844184
11852,31.829055408409744
7146,60.66969460271992
4604,24.670588288218923
1666,26.824338264838303
7057,28.628820883750606
7374,225.5036751328097
2645,12.146037115515092
10228,33.09545698178039
11651,26.42307814461978
1810,44.50662132008062
9183,82.85247084815919
2042,5.846541154017572
4932,16.234877687113737
911,-25.0220256468197
7533,24.850281006528057
7855,7.45594986569926
4924,19.20724284420146
9944,54.18375373680397
8641,39.30061133631301
5766,28.176495863267483
7835,51.234217624145614
5851,32.175574701956506
3312,86.21555177894693
11127,139.1271878124356
4753,38.07953665058564
10171,114.90298202411367
8229,64.78166148539874
3771,27.50202780432081
476,56.53953158535713
26,28.425781699196023
8067,93.0895866361544
9622,128.3601987753188
10930,33.400627335130636
6750,20.875125258005575
7888,36.22098778979925
10360,40.49358955764235
5546,125.88511935447194
7203,48.378704062599766
1913,46.249020074473115
8615,25.71482509133584
5602,28.873220641007165
4934,51.501472728963186
1932,32.833274593094934
11015,90.85842415074039
4951,136.17667870381075
307,17.248450554572642
9455,369.83458746074757
10558,268.7741915789202
4534,11.950594729954297
8668,49.69577721222014
5160,37.73801991981023
3901,62.267533912309645
11196,11.755828654358915
3304,24.35400311763418
3715,93.04507593702716
4914,35.78092671246185
9639,25.313890322164376
9540,56.488100429026815
9771,32.568322216157185
7190,267.43305107499987
10157,22.591414066858484
352,60.216721149845014
362,101.00051463606425
4424,125.34866315290378
9137,11.323983197164523
1362,25.76649239967164
229,46.666011142967136
6641,30.79973622891709
9330,70.44086186712657
8239,14.679000267391515
4650,25.36112247009104
5098,16.99347457967486
2992,108.80946391025489
5742,46.50517207722315
7131,178.40598733305524
807,49.21809734676074
9120,26.791185510903915
10890,37.56212829371965
9039,-21.535060336626685
7344,-22.339744638978914
11233,46.2181880318368
5988,283.3320013930396
11400,10.116041487522935
791,9.299453895053148
12232,55.43712602874269
10668,51.89967225702433
8301,42.46509378181581
12254,48.94986924597667
12231,50.71001473176551
6578,65.81161528378749
11229,33.574890669423894
9457,181.44318008509475
446,40.071154180686335
12015,47.207960453566216
10284,27.44028156678658
9026,74.70344924459012
3581,22.64483243307148
10444,93.55550592556611
2296,34.3641015329533
785,107.96870736894385
118,-0.030810638664007683
3044,45.966758498158356
7876,26.47885391935626
4781,80.8821423411736
8013,22.62067957558949
7107,107.49302528434437
545,6.882606559791462
6425,21.815995273237256
1103,30.297977996467957
7405,27.585153982679195
303,31.781986939822488
8904,31.872648632053405
4752,30.450118226505765
8451,45.92500498503297
9251,33.685859950504096
11699,95.53471486835286
6657,41.38456360759895
8741,10.271204348599248
6526,37.66639097811152
4260,93.31330403781125
5051,49.21739124918354
10645,25.582118422948454
9306,32.50197826628758
10674,41.21218355505792
2994,57.91271335747326
208,58.28094208568383
1960,11.460263057982573
11095,43.80623428573621
4678,23.83722838584729
8703,20.836354585899798
10368,46.1350480504299
9814,78.60662643374644
2891,63.680274453184516
6064,27.61333478776139
900,81.09909789501856
1159,58.08322815909941
11977,73.95023789448209
11823,16.728222868253248
781,28.325594676769256
5393,30.62438156079903
8689,45.38043785552386
7255,49.68012759467562
2571,33.975660742747394
9679,36.168238682796115
5725,27.103189819056986
2794,20.206626668532785
5811,61.04158170454725
926,15.149502835214157
5442,28.306712106673046
7264,0.012938496845166014
9601,45.351487413490304
7398,49.026437042945815
9143,31.5010013297721
2835,18.22292037035011
5135,112.75715721784104
10440,149.40751757198427
11975,226.4681443934837
4869,28.038484005888968
9525,113.99371292233789
1787,136.83928963055217
3768,49.453630930238674
245,14.141649982569959
9817,62.10664967086059
9799,41.011232797161874
7568,42.19501112689872
10187,26.961485104001824
1176,12.125710586932819
3692,24.824666268522883
1745,98.13969151867082
11082,71.65321674665351
2841,23.961938030797512
6692,93.7880427063699
923,26.504547482547565
11569,37.147861361764825
10165,257.3116530874836
5320,15.456310744014317
7701,29.171825025784905
9462,79.89992449733393
11010,234.54549415957607
1714,30.029749895683878
10521,38.19497961951855
1854,88.99397623207192
757,55.30322535314872
8565,25.653385477069477
2920,111.61224568303555
7717,91.94448534069677
7523,37.084837456710815
4945,20.725403117221205
5521,402.1142425347625
4555,-23.950419383012346
7149,75.55908891812597
5829,53.76547801493416
3993,53.17152760477338
11887,28.587697795789623
8810,50.56838423924942
8823,-1.2261076160731221
7830,72.25294506678262
1703,19.40194236618055
10688,20.31721693297363
4715,80.13823384744894
6045,7.1475375480249
8438,57.51260940222384
7222,53.222376945535615
8348,25.82374979076134
8415,26.425028902433667
3186,50.983707766601384
9047,37.16554300076295
7509,65.82609925945715
6131,13.606087864255201
4653,28.02679352884539
140,45.68383779455531
2043,71.48471203518118
6356,57.26621204122015
10163,415.73900320722134
4991,231.5949850509512
6306,30.16468673778845
4582,254.89760018042693
6563,178.13775923227115
541,55.68932868011059
11160,16.315914924566066
9146,21.173429478974974
10830,30.977302637470252
518,47.502553681685754
7529,81.47937435136933
6255,255.70228448277916
12189,24.385459732580607
1476,15.11587787418631
1906,133.9060349149504
10367,50.20403251257228
3219,214.59968396384537
10038,54.19306358211328
3298,68.20009802910498
7290,71.31485722356663
1101,41.80496492882149
11423,121.87055035533155
2643,5.532847377364
9757,177.0453403960709
584,62.140512240144645
8648,31.048285679672652
5921,33.31188370004837
3864,23.677924984488712
7702,25.95720892195113
6566,149.72299108307917
10710,4.4017097638754095
8522,114.36652582254551
5593,50.1613052210093
10313,55.64307472042272
8762,73.62840320599834
249,234.60163204144425
9329,62.82084562384364
9386,92.74916964304902
11411,63.72386271238803
9617,243.68317127686365
5327,117.2365053364691
5439,50.25831523259091
2600,37.45699014408082
10236,17.153402733418453
6179,54.610503723538265
4959,76.29820922683292
5329,82.54376707682236
9388,88.15118198104477
6916,24.910140788983604
10562,137.92945642671157
7423,408.312096275695
8279,138.64330086726778
11799,38.43314940269232
3576,24.756302719499182
9510,29.6422521531439
4242,35.100992290438
1005,13.398209322441353
11658,290.57713700375507
6305,48.84671077158107
11632,9.829818555865685
5900,27.496427346871272
1489,33.41034958978585
10143,45.77630719703343
8782,65.04988958618283
1491,26.97682256803887
2144,10.367816405382698
7242,61.747933220707324
11631,20.57190972076299
4639,23.698144070393056
7269,36.77815444001
